CLAVE,DESCRIPCION,EXISTENCIA,PRECIO,PEDIDO
HIFL15500120026,LLANTA 155-R 12 HIFLY SUPER2000,43,$900.00,
FORC17570130026,LLANTA 175-70-13 FORCELAND VITALITY 82T,100,$600.00,
HIFL17570130010,LLANTA 175-70-13 HIFLY HF201,28,$570.00,
HIFL17570130026,LLANTA 175-70-13 HIFLY HF266 82H,100,$560.00,
LANV17570130026,LLANTA 175-70-13 LANVIGATOR COMFORT II 82T,43,$570.00,
MAXT17570130010,LLANTA 175-70-13 MAXTREK MAXIMUS M1 82T,1,$670.00,
MAZZ17570130012,LLANTA 175-70-13 MAZZINI TOURING S1 82S,4,$600.00,
NERE17570130003,LLANTA 175-70-13 NEREUS NS601 82T 360 AA,27,$600.00,
ROYA17570130029,LLANTA 175-70-13 ROYAL BLACK ROYAL MILE 82T,1,$580.00,
TORN17570130021,LLANTA 175-70-13 TORNEL TURBO 82T,1,$620.00,
WANL17570130013,LLANTA 175-70-13 WANLI SP026 82T,5,$600.00,
WIND17570130011,LLANTA 175-70-13 WINDA WP15 82T/H,40,$750.00,
WIND17570130010,LLANTA 175-70-13 WINDA WP17 82T/H,100,$660.00,
OAVT18560130010,LLANTA 185-60-13 OVATION VI-682 80H,5,$840.00,
GOOD18570130033,LLANTA 185-70-13 GOODYEAR ASSURANCE MAXLIFE 86T,100,"$1,200.00",
HIFL18570130010,LLANTA 185-70-13 HIFLY HF201 86H,1,$730.00,
KUMH18570130014,LLANTA 185-70-13 KUMHO ES31,55,$950.00,
NERE18570130010,LLANTA 185-70-13 NEREUS NS601 86H 400 AA,30,$830.00,
OVAT18570130010,LLANTA 185-70-13 OVATION VI-682 86H,26,$740.00,
SIER18570130026,LLANTA 185-70-13 SIERRA COMFORTRIDE HP 86T,100,$600.00,
TORN18570130030,LLANTA 185-70-13 TORNEL AMERICA SELECTA PLUS,70,$920.00,
TORN18570130011,LLANTA 185-70-13 TORNEL CORONA L/B,48,$930.00,
OVAT20560130010,LLANTA 205-60-13 OVATION VI-682 86T,25,$880.00,
TORN20560130010,LLANTA 205-60-13 TORNEL AT-909,100,$930.00,
TORN20560130040,LLANTA 205-60-13 TORNEL DIRECCIONAL,25,$895.00,
OVAT15565140010,LLANTA 155-65-14 OVATION VI-682 75T,18,$720.00,
KUMH15570140013,LLANTA 155-70-14 KUMHO ES31,2,$840.00,
HIFL16560140010,LLANTA 165-60-14 HIFLY TIRES HF201 75H,47,$660.00,
165-65-14KUM,LLANTA 165-65-14 KUMHO ECOWING KH27 79T,1,$980.00,
MAXT16570140010,LLANTA 165-70-14 MAXTREK SU-810 85T,10,$710.00,
NERE16570140001,LLANTA 165-70-14 NEREUS NS601 81T,13,$700.00,
OVAT16570140010,LLANTA 165-70-14 OVATION VI-682 81T,18,$760.00,
ARDU17565140001,LLANTA 175-65-14 ARDUZZA EPOCH NUOVO 82T TL,12,$700.00,
GOOD17565140010,LLANTA 175-65-14 GOODYEAR ASSURANCE MAXLIFE 86H XL,15,"$1,400.00",
HIFL17565140025,LLANTA 175-65-14 HIFLY HF266 82H,47,$600.00,
OVAT17565140014,LLANTA 175-65-14 OVATION VI-682 82T,65,$670.00,
WANL17565140012,LLANTA 175-65-14 WANLI SP026 82H,87,$700.00,
COOP17570140012,LLANTA 175-70-14 COOPER CS1,10,"$1,080.00",
GOOD17570140010,LLANTA 175-70-14 GOODYEAR ASSURANCE MAXLIFE 88T XL,68,"$1,390.00",
HIFL17570140010,LLANTA 175-70-14 HIFLY HF201 84T,18,$720.00,
HIFL17570140012,LLANTA 175-70-14 HIFLY HF261 84T,1,$660.00,
LANV17570140013,LLANTA 175-70-14 LANVIGATOR COMFORT II 84T,1,$640.00,
MAXT17570140010,LLANTA 175-70-14 MAXTREK MAXIMUS M1 84T,100,$760.00,
OVAT17570140001,LLANTA 175-70-14 OVATION V-02 95/93S 6PR,12,$880.00,
OVAT17570140010,LLANTA 175-70-14 OVATION VI-682 84T,25,$730.00,
OVAT17570140025,LLANTA 175-70-14 OVATION VI-786 84T,31,$700.00,
SIER17570140026,LLANTA 175-70-14 SIERRA COMFORTRIDE HP 84T,100,$600.00,
175-70-14SUN,LLANTA 175-70-14 SUNNY NP226 84T,20,$870.00,
175-70-14REAL,LLANTA 175-70-14 TORNEL REAL,4,$920.00,
WANL17570140011,LLANTA 175-70-14 WANLI SP026 88H,56,$780.00,
WIND17570140010,LLANTA 175-70-14 WINDA WP15 84T,20,$870.00,
ARDU18560140001,LLANTA 185-60-14 ARDUZZA EPOCH NUOVO 82H TL,100,$640.00,
DOUB18560140026,LLANTA 185-60-14 DOUBLEKING DK298,2,$640.00,
GOOD18560140010,LLANTA 185-60-14 GOODYEAR ASSURANCE MAXLIFE 82T,1,"$1,250.00",
185-60-14KU,LLANTA 185-60-14 KUMHO ECOWING ES31 82H,1,$930.00,
KUMH18560140013,LLANTA 185-60-14 KUMHO KH27,1,$880.00,
NERE18560140006,LLANTA 185-60-14 NEREUS NS601 82H,21,$860.00,
OVAT18560140010,LLANTA 185-60-14 OVATION VI-682,63,$720.00,
TORN18560140066,LLANTA 185-60-14 TORNEL REAL,43,$940.00,
WANL18560140083,LLANTA 185-60-14 WANLI SP026 75H,2,$750.00,
WIND18560140030,LLANTA 185-60-14 WINDA WP17 82T/H,13,$790.00,
AMER18565140012,LLANTA 185-65-14 AMERICA FLASH 85S,4,$660.00,
BARU18565140010,LLANTA 185-65-14 BARUM BRAVURIS 5HM 86 H,1,$900.00,
BRID18565140010,LLANTA 185-65-14 BRIDGESTONE B381 85T,6,"$1,400.00",
COOP18565140089,LLANTA 185-65-14 COOPER CS1,1,"$1,080.00",
HIFL18565140010,LLANTA 185-65-14 HIFLY HF201,97,$760.00,
HIFL18565140011,LLANTA 185-65-14 HIFLY HF261 86H,2,$740.00,
JKST18565140010,LLANTA 185-65-14 JK STAR TRAK TL,1,$840.00,
KUMH18565140011,LLANTA 185-65-14 KUMHO ES31,1,$960.00,
MAXT18565140010,LLANTA 185-65-14 MAXTREK MAXIMUX M1,55,$780.00,
NERE18565140008,LLANTA 185-65-14 NEREUS NS601 86H,31,$860.00,
OVAT18565140016,LLANTA 185-65-14 OVATION VI-682 86H,86,$760.00,
OVAT18565140011,LLANTA 185-65-14 OVATION VI-786 86H,5,$730.00,
SUNN18565140010,LLANTA 185-65-14 SUNNY NP226 86H,7,$870.00,
TORN18565140010,LLANTA 185-65-14 TORNEL REAL,100,$970.00,
WIND18565140010,LLANTA 185-65-14 WINDA WP15 86H,100,$840.00,
BARU18570140010,LLANTA 185-70-14 BARUM BRAVURIS 5HM 88H,22,"$1,100.00",
HIFL18570140010,LLANTA 185-70-14 HIFLY HF201,24,$800.00,
HIFL18570140012,LLANTA 185-70-14 HIFLY HF261 88H,1,$730.00,
HIFL18570140016,LLANTA 185-70-14 HIFLY HF266 88H,34,$710.00,
KUMH18570140010,LLANTA 185-70-14 KUMHO ES31,2,$990.00,
185-70-14MAX,LLANTA 185-70-14 MAXTREK MAXIMUS M1,28,$920.00,
NERE18570140011,LLANTA 185-70-14 NEREUS NS601 88H,16,$800.00,
OVAT18570140009,LLANTA 185-70-14 OVATION VI-682 88H,37,$785.00,
OVAT18570140010,LLANTA 185-70-14 OVATION VI-786 88H,3,$760.00,
185-70-14SUN,LLANTA 185-70-14 SUNNY NP226 88T,35,$920.00,
TORN18570140012,LLANTA 185-70-14 TORNEL AMERICA SELECTA,19,$890.00,
TORN18570140015,LLANTA 185-70-14 TORNEL AT-909,26,$890.00,
NERE19560140016,LLANTA 195-60-14 NEREUS NS601 86H,19,$780.00,
OVAT19560140010,LLANTA 195-60-14 OVATION VI-682 86H,34,$920.00,
WANL19560140010,LLANTA 195-60-14 WANLI SP118 86H,3,"$1,020.00",
HIFL19570140010,LLANTA 195-70-14 HIFLY HF201 91H,6,$810.00,
KUMH19570140012,LLANTA 195-70-14 KUMHO TA51,1,"$1,020.00",
NERE19570140019,LLANTA 195-70-14 NEREUS NS601 91H,22,$940.00,
OVAT19570140010,LLANTA 195-70-14 OVATION VI-682 91H,50,$940.00,
OVAT19570140011,LLANTA 195-70-14 OVATION VI-786 91H,34,$900.00,
TORN19570140010,LLANTA 195-70-14 TORNEL AMERICA AT-909,22,$970.00,
WANL19570140030,LLANTA 195-70-14 WANLI SP026 91T,58,"$1,000.00",
WIND19570140010,LLANTA 195-70-14 WINDA WP15 91T,12,"$1,000.00",
ARDU20560140001,LLANTA 205-60-14 ARDUZZA EPOCH NUOVO 88V TL,100,$820.00,
NERE20560140026,LLANTA 205-60-14 NEREUS NS601 88H,30,$900.00,
OVAT20560140060,LLANTA 205-60-14 OVATION VI-682 88H,22,$960.00,
NERE20570140032,LLANTA 205-70-14 NEREUS NS601 95H,16,"$1,100.00",
OVAT20570140010,LLANTA 205-70-14 OVATION VI-682 95H,55,"$1,080.00",
SIER20570140026,LLANTA 205-70-14 SIERRA COMFORTRIDE HP 95T,100,$800.00,
TORN20570140010,LLANTA 205-70-14 TORNEL AMERICA SELECTA,8,"$1,070.00",
TORN20570140014,LLANTA 205-70-14 TORNEL AT-09,49,"$1,370.00",
205-70-14AT-909,LLANTA 205-70-14 TORNEL AT-909,31,"$1,040.00",
205-70-14TODI,LLANTA 205-70-14 TORNEL DIRECCIONAL,48,"$1,170.00",
NERE20575140034,LLANTA 205-75-14 NEREUS NS913 109/107R 8PR LT,6,"$1,300.00",
TORN20575140013,LLANTA 205-75-14 TORNEL CLASSIC 95S,35,"$1,020.00",
205-R 14OVA,LLANTA 205-R 14 OVATION V-02 109/107Q 8PR,2,"$1,400.00",
TORN21570140000,LLANTA 215-70-14 TORNEL DEPORTIVA,1,"$1,300.00",
BRID21575140010,LLANTA 215-75-14 BRIDGESTONE M773,100,"$1,960.00",
OVAT215140040,LLANTA 215-R 14 OVATION V-02 112/110Q 8PR,11,"$1,460.00",
COOP22570140110,LLANTA 225-70-14 COOPER DISCOVERER ATR SUV,17,"$2,100.00",
EUZK2700850140015,LLANTA 27X8.50-14 EUZKADI OVERLANDER AT2,100,"$1,995.00",
GENE27850140055,LLANTA 27X8.50-14 GENERAL GRABBER ATX,6,"$2,020.00",
JKTY27850140026,LLANTA 27X8.50-14 JK BLAZZE X-AT LT 8PR 101Q,100,"$1,660.00",
KUMH27850140023,LLANTA 27X8.50-14 KUMHO AT52,77,"$1,900.00",
27X8.50-14MAX,LLANTA 27X8.50-14 MAXTREK SU-800 LT,100,"$1,460.00",
TORN270085027,LLANTA 27X8.50-14 TORNEL CARGO,99,"$1,500.00",
TORN70000140011,LLANTA 700-14 TORNEL LT,21,"$1,510.00",
TORN70000140010,LLANTA 700-14 TORNEL MT,16,"$1,530.00",
155-80-15AT909,LLANTA 155-80-15 TORNEL AT-909,5,$820.00,
DURA16550150026,LLANTA 165-50-15 DURATURN MOZZO 72V,60,$950.00,
165-65-15OVA,LLANTA 165-65-15 OVATION VI-682 81T,20,$820.00,
NERE17560150002,LLANTA 175-60-15 NEREUS NS601 81H,4,$720.00,
OVAT17560150010,LLANTA 175-60-15 OVATION VI-682 81H,14,$800.00,
OVAT17565150010,LLANTA 175-65-15 OVATION VI-682 84H,55,$940.00,
DOUB18555150026,LLANTA 185-55-15 DOUBLEKING DK558 82H,4,$780.00,
HIFL18555150010,LLANTA 185-55-15 HIFLY HF201,100,$800.00,
JKTY18555150026,LLANTA 185-55-15 JK UX ROYALE MAXX 82H,14,"$1,020.00",
KUMH18555150014,LLANTA 185-55-15 KUMHO ES31,6,"$1,100.00",
MAXT18555150010,LLANTA 185-55-15 MAXTREK MAXIMUS M1 82V,100,$810.00,
NERE18555150004,LLANTA 185-55-15 NEREUS NS601 82V,19,$902.50,
OVAT18555150003,LLANTA 185-55-15 OVATION VI-682 82V,40,$820.00,
WANL18555150020,LLANTA 185-55-15 WANLI SA330,44,$900.00,
ARDU18560150002,LLANTA 185-60-15 ARDUZZA EPOCH NUOVO 84H TL,100,$700.00,
COOP18560150010,LLANTA 185-60-15 COOPER CS1 84T,7,"$1,220.00",
GOOD18560150020,LLANTA 185-60-15 GOODYEAR DP-V1 84T SL,19,"$1,400.00",
GOOD18560150012,LLANTA 185-60-15 GOODYEAR EAGLE SPORT 2 88H,4,"$1,620.00",
JKTO18560150013,LLANTA 185-60-15 JK EXPORT AMERICA CARGO,31,"$1,120.00",
KUMH18560150013,LLANTA 185-60-15 KUMHO ES31,100,"$1,020.00",
OVAT18560150002,LLANTA 185-60-15 OVATION VI-682 84H,35,$800.00,
OVAT18560150010,LLANTA 185-60-15 OVATION VI-786 84H,34,$760.00,
TORN18560150075,LLANTA 185-60-15 TORNEL DIRECCIONAL,76,$960.00,
WANL18560150010,LLANTA 185-60-15 WANLI SP026 88H,1,$880.00,
ARDU18565150001,LLANTA 185-65-15 ARDUZZA EPOCH NUOVO 88H TL,1,$740.00,
COOP18565150088,LLANTA 185-65-15 COOPER CS1 88T,12,"$1,120.00",
DOUB18565150027,LLANTA 185-65-15 DOUBLEKING DK569,1,$720.00,
KUMH18565150012,LLANTA 185-65-15 KUMHO ES31,1,"$1,020.00",
KUMH18565150025,LLANTA 185-65-15 KUMHO HS52,14,"$1,400.00",
MAXT18565150010,LLANTA 185-65-15 MAXTREK MAXIMUS M1,1,$860.00,
MAXT18565150012,LLANTA 185-65-15 MAXTREK MAXIMUS M2 88H,2,$950.00,
OVAT18565150011,LLANTA 185-65-15 OVATION VI-682 88H,1,$830.00,
OVAT18565150010,LLANTA 185-65-15 OVATION VI-786 88H,2,$800.00,
TORN18565150089,LLANTA 185-65-15 TORNEL REAL,11,"$1,050.00",
KUMH19550150013,LLANTA 195-50-15 KUMHO PS31,32,"$1,140.00",
MAXT19550150010,LLANTA 195-50-15 MAXTREK MAXIMUS M1 82V,61,$860.00,
OVAT19550150010,LLANTA 195-50-15 OVATION VI-388,41,$990.00,
OVAT19550150075,LLANTA 195-50-15 OVATION VI-682 82V,2,$980.00,
ROYA19550150012,LLANTA 195-50-15 ROYALBLACK ROYALMILE 82V,39,$980.00,
TONR19550150010,LLANTA 195-50-15 TORNEL REAL,15,"$1,050.00",
WANL19550150038,LLANTA 195-50-15 WANLI SP026 82V,43,$900.00,
ARDU19555150002,LLANTA 195-55-15 ARDUZZA EPOCH NUOVO 85V TL,100,$780.00,
DOUB19555150027,LLANTA 195-55-15 DOUBLEKING DK558 85V,21,$880.00,
195-55-15FIR,LLANTA 195-55-15 FIRESTONE FIREHAWK 900UHP 85V,6,"$1,600.00",
HIFL19555150012,LLANTA 195-55-15 HIFLY HF261 85V,19,$950.00,
HIFL19555150020,LLANTA 195-55-15 HIFLY HF805,44,$870.00,
MAXT19555150010,LLANTA 195-55-15 MAXTREK MAXIMUS M1 85V,24,"$1,050.00",
NERE19555150014,LLANTA 195-55-15 NEREUS NS601 85V,16,$900.00,
OVAT19555150068,LLANTA 195-55-15 OVATION VI-682,26,$980.00,
OVAT19555150011,LLANTA 195-55-15 OVATION VI-786 85V,35,$930.00,
TORN19555150010,LLANTA 195-55-15 TORNEL REAL,9,"$1,080.00",
WANL19555150026,LLANTA 195-55-15 WANLI SP026 85H,11,$950.00,
COOP19560150010,LLANTA 195-60-15 COOPER CS1 88T,26,"$1,200.00",
HIFL19560150010,LLANTA 195-60-15 HIFLY HF201 88V,38,$880.00,
HIFL19560150012,LLANTA 195-60-15 HIFLY HF261 88H,3,$760.00,
JKTY19560150025,LLANTA 195-60-15 JK UX1,31,"$1,080.00",
195-60-15M1,LLANTA 195-60-15 MAXTREK MAXIMUS M1,100,$860.00,
NERE19560150017,LLANTA 195-60-15 NEREUS NS601 88V,18,$820.00,
OVAT19560150020,LLANTA 195-60-15 OVATION VI-682 88V,51,$850.00,
OVAT19560150010,LLANTA 195-60-15 OVATION VI-786 88H,24,$820.00,
ROYA19560150013,LLANTA 195-60-15 ROYALBLACK  ROYALMILE 88H,3,$820.00,
TORN19560150015,LLANTA 195-60-15 TORNEL REAL,33,"$1,020.00",
WANL19560150026,LLANTA 195-60-15 WANLI SP026 88H,26,$900.00,
WIND19560150010,LLANTA 195-60-15 WINDA WP16 88H/V,28,"$1,000.00",
CONT19565150026,LLANTA 195-65-15 CONTINENTAL POWERCONTACT 2 91H,73,"$1,440.00",
CONTI19565150089,LLANTA 195-65-15 CONTINENTAL PREMIUMCONTACT 2,67,"$1,440.00",
COOP19565150012,LLANTA 195-65-15 COOPER CS1,19,"$1,160.00",
GOOD19565150013,LLANTA 195-65-15 GOODYEAR EAGLE SPORT 2 91V,24,"$1,670.00",
HIFL19565160013,LLANTA 195-65-15 HIFLY HF261 91H,1,$780.00,
JKTY19565150013,LLANTA 195-65-15 JK TYRE STAR TRAK 91H,40,$920.00,
TORN19565150021,LLANTA 195-65-15 JK VECTRA UX1,94,$950.00,
195-65-15KU,LLANTA 195-65-15 KUMHO ECOWING ES31,17,"$1,050.00",
195-65-15KUH,LLANTA 195-65-15 KUMHO ECOWING KH27 91V,1,"$1,160.00",
NERE19565150018,LLANTA 195-65-15 NEREUS NS601 91V,20,$830.00,
OVAT19565150012,LLANTA 195-65-15 OVATION VI-682 91V,11,$870.00,
OVAT19565150011,LLANTA 195-65-15 OVATION VI-786 91H,1,$820.00,
195-65-15SUN,LLANTA 195-65-15 SUNNY NP226,2,"$1,030.00",
TORN19565150016,LLANTA 195-65-15 TORNEL REAL,100,"$1,120.00",
OVAT19570150020,LLANTA 195-70-15 OVATION 104/102R 8PR V-02 C,11,"$1,320.00",
WIND19570150013,LLANTA 195-70-15 WINDA WR01 104/102R 8PR,30,"$1,320.00",
ARDU19500150025,LLANTA 195-R 15 ARDUZZA EMPIRE TRAC 8PR 106/104Q,100,"$1,040.00",
DOUB19500150029,LLANTA 195-R 15 DOUBLEKING DK256 8PR 106/104R,19,"$1,030.00",
MAXT19500150010,LLANTA 195-R 15 MAXTREK SU810,33,"$1,240.00",
NERE19500150020,LLANTA 195-R 15 NEREUS NS913 106/104R LT 8PR,16,"$1,320.00",
OVAT19500150020,LLANTA 195-R 15 OVATION V-02 106/104R,44,"$1,200.00",
OVAT19500150013,LLANTA 195-R 15 OVATION V-03 106/104R 8PR,63,"$1,140.00",
ROYA19500150010,LLANTA 195-R 15 ROYAL BLACK ROYAL COMERCIAL 106/104R,4,"$1,100.00",
TORN19500150088,LLANTA 195-R 15 TORNEL AMERICA CARGO,38,"$1,550.00",
WANL19500150031,LLANTA 195-R 15 WANLI SL106 LT 106/104S,99,"$1,260.00",
HIFL20550150010,LLANTA 205-50-15 HIFLY HF805 86V,18,$930.00,
OVAT20550150012,LLANTA 205-50-15 OVATION VI-388 86V,24,"$1,020.00",
OVAT20555150010,LLANTA 205-55-15 OVATION VI-388 88V,16,"$1,100.00",
ARDU20560150001,LLANTA 205-60-15 ARDUZZA EPOCH NUOVO 91V TL,100,$900.00,
DOUB20560150026,LLANTA 205-60-15 DOUBLEKING DK558,1,$880.00,
GOOD20560150032,LLANTA 205-60-15 GOODYEAR EFFICIENT GRIP PERFORMANCE 91H,10,"$1,630.00",
HIFL20560150010,LLANTA 205-60-15 HIFLY HF201,26,$860.00,
KUMH20560150114,LLANTA 205-60-15 KUMHO AT51,71,"$1,680.00",
KUMH205-60-150012,LLANTA 205-60-15 KUMHO TA51,11,"$1,680.00",
NERE20560150027,LLANTA 205-60-15 NEREUS NS601 91V,12,$950.00,
OVAT20560150684,LLANTA 205-60-15 OVATION VI-682 91V,36,$930.00,
205-60-15SUN,LLANTA 205-60-15 SUNNY SN600,13,"$1,120.00",
TORN20560150019,LLANTA 205-60-15 TORNEL ASTRAL,1,"$1,160.00",
WANL20560150010,LLANTA 205-60-15 WANLI SP026 91V,14,"$1,100.00",
WIND20560150020,LLANTA 205-60-15 WINDA WP16 91H,22,"$1,100.00",
DOUB20565150026,LLANTA 205-65-15 DOUBLEKING DK569,6,"$1,030.00",
HIFL20565150010,LLANTA 205-65-15 HIFLY HF201 94V,100,$900.00,
HIFL20565150011,LLANTA 205-65-15 HIFLY HF261 94H,29,$860.00,
HIFL20565150026,LLANTA 205-65-15 HIFLY SUPER2000 102/100T,12,"$1,190.00",
205-65-15VEC,LLANTA 205-65-15 JK TYRE UX1 92V,22,"$1,230.00",
205-65-15KU,LLANTA 205-65-15 KUMHO ECOWING ES01 KH27,81,"$1,360.00",
MAXT20565150013,LLANTA 205-65-15 MAXTREK MAXIMUS M2 94H,16,"$1,150.00",
NERE20565150029,LLANTA 205-65-15 NEREUS NS601 94V,18,$950.00,
OVAT20565150682,LLANTA 205-65-15 OVATION VI-682 94V,27,"$1,000.00",
OVAT20565150013,LLANTA 205-65-15 OVATION VI-786 94H,8,$970.00,
205-65-15REAL,LLANTA 205-65-15 TORNEL REAL,42,"$1,290.00",
GOOD20570150010,LLANTA 205-70-15 GOODYEAR CARGO MARATHON 2 106/104R,12,"$2,300.00",
KUMH20570150025,LLANTA 205-70-15 KUMHO KC53,83,"$1,620.00",
NERE20570150010,LLANTA 205-70-15 NEREUS NS601 96H,12,"$1,080.00",
OVAT20570150011,LLANTA 205-70-15 OVATION V-02 106/104R 8PR,5,"$1,420.00",
205-70-15OVA,LLANTA 205-70-15 OVATION VI-682 96H,20,"$1,200.00",
TORN20570150012,LLANTA 205-70-15 TORNEL CLASSIC 95S,33,"$1,050.00",
OVAT21560150001,LLANTA 215-60-15 OVATION VI-682 94H,14,"$1,140.00",
OVAT21565150683,LLANTA 215-65-15 OVATION VI-682 96H,10,"$1,280.00",
HIFL21570150026,LLANTA 215-70-15 HIFLY HF-261 98H,28,$900.00,
KUMH21570151030,LLANTA 215-70-15 KUMHO R15CT08L KC53,14,"$1,750.00",
OVLT21570150030,LLANTA 215-70-15 OVATION V-02 109/107R 8PR LT,33,"$1,470.00",
OVAT21570150070,LLANTA 215-70-15 OVATION VI-682 98H,34,"$1,060.00",
SUNN21570150013,LLANTA 215-70-15 SUNNY NP226 98H,8,"$1,250.00",
TOR21570150090,LLANTA 215-70-15 TORNEL ASTRAL,2,"$1,350.00",
ARDU21575150026,LLANTA 215-75-15 ARDUZZA EMPIRE TRAC ET 100/97N TL,100,"$1,280.00",
COOP2157515010,LLANTA 215-75-15 COOPER EVOLUTION ATT LT 100/97R,31,"$1,950.00",
ECOV21575150011,LLANTA 215-75-15 ECOVISION VI-286AT 100S,40,"$1,350.00",
ECOV21575150100,LLANTA 215-75-15 ECOVISION VI-286AT LT 100/97S 6PR,34,"$1,400.00",
GOOD21575150012,LLANTA 215-75-15 GOODYEAR WRANGLER ADVENTURE LT 106S,26,"$3,120.00",
HIFL21575150020,LLANTA 215-75-15 HIFLY TIRE VIGOROUS AT601 LT 100/97S,12,"$1,400.00",
HIFL21575150010,LLANTA 215-75-15 HIFLY VIGOROUS AT601 P 100S,15,"$1,220.00",
KUMH21575150014,LLANTA 215-75-15 KUMHO AT52,8,"$2,250.00",
NERE21575150047,LLANTA 215-75-15 NEREUS NS501 AT 106/103S LT,23,"$2,100.00",
TORN21575150013,LLANTA 215-75-15 TORNEL CLASSIC C/B,16,"$1,100.00",
ZEXT21575150026,LLANTA 215-75-15 ZEXTOUR HIGHLANDER LX757,4,"$1,350.00",
GOOD22570150014,LLANTA 225-70-15 GOODYEAR CARGO MARATHON 2 112/110R,22,"$2,500.00",
225-70-15KUM,LLANTA 225-70-15 KUMHO PORTRAN KC53 112/110R 10C LT,3,"$1,990.00",
NERE22570150058,LLANTA 225-70-15 NEREUS NS916 112/110R 8PR,16,"$1,850.00",
OVAT22570150021,LLANTA 225-70-15 OVATION VI-682 100H,18,"$1,220.00",
TORN22570150010,LLANTA 225-70-15 TORNEL AMERICA CARGO 112/110S,92,"$1,740.00",
WANL22570150040,LLANTA 225-70-15 WANLI SL106 106/103 C,18,"$1,500.00",
COOP23560180010,LLANTA 235-60-15 COOPER COBRA  GT RWL98,1,"$1,780.00",
COOP23570150020,LLANTA 235-70-15 COOPER COBRA RADIAL GT 102T,25,"$2,260.00",
TORN23570150012,LLANTA 235-70-15 TORNEL DIRECCIONAL,36,"$1,620.00",
COOP23575150115,LLANTA 235-75-15 COOPER EVOLUTION ATT LT 104/101R,30,"$2,640.00",
ECOV23575150013,LLANTA 235-75-15 ECOVISION VI-186MT LT 104/101Q 6PR,55,"$2,100.00",
ECOV23575150040,LLANTA 235-75-15 ECOVISION VI-286AT 104/101R 6PR LT,4,"$1,580.00",
ECOV23575150010,LLANTA 235-75-15 ECOVISION VI-286AT 109S,30,"$1,370.00",
235-75-15OVER,LLANTA 235-75-15 EUZKADI OVERLANDER AT2,40,"$2,240.00",
GENE23575150010,LLANTA 235-75-15 GENERAL GRABBER A/TX 109S,100,"$2,280.00",
HIFL23575150011,LLANTA 235-75-15 HIFLY HT601 LT 104/101R 6PR,3,"$1,700.00",
HIFL23575150041,LLANTA 235-75-15 HIFLY TIRES VIGOROUS AT601 109S,1,"$1,450.00",
HIFL23575150042,LLANTA 235-75-15 HIFLY VIGOROUS AT-601 LT 6PR 104/101 R,1,"$1,420.00",
23575150028,LLANTA 235-75-15 KUMHO AT52,91,"$2,150.00",
235-75-15KUM,LLANTA 235-75-15 KUMHO ROAD VENTURE MT51 110/107Q,30,"$2,650.00",
MAXT23575150020,LLANTA 235-75-15 MAXTREK SU800 6C 104/101S LT,53,"$1,700.00",
MAZZ23575150012,LLANTA 235-75-15 MAZZINI GIANTSAVER LT 110/107S 8C,4,"$1,400.00",
STAR23575150116,LLANTA 235-75-15 STARFIRE SUV 105S SF510 (P),99,"$1,520.00",
TORN23575150010,LLANTA 235-75-15 TORNEL AT-09 LN,100,"$1,750.00",
235-75-15CLAS,LLANTA 235-75-15 TORNEL CLASICA C/B,7,"$1,260.00",
TORN23575150020,LLANTA 235-75-15 TORNEL CORONA,30,"$1,780.00",
WANL23575150014,LLANTA 235-75-15 WANLI M105 LT 104/101 MT,10,"$1,900.00",
WANL23575150013,LLANTA 235-75-15 WANLI SU007 104/101 LT,15,"$1,680.00",
WIND23575150027,LLANTA 235-75-15 WINDA WV11 105T,19,"$1,600.00",
COOP25560150089,LLANTA 255-60-15 COOPER COBRA GT,1,"$1,850.00",
KUMH27560150026,LLANTA 275-60-15 KUMHO HP71,85,"$2,300.00",
31X10.50-15COM,LLANTA 31X10.50-15 COOPER EVOLUTION MT 109Q,8,"$3,400.00",
ECOV311050150058,LLANTA 31X10.50-15 ECOVISION VI-186MT LT 109Q 6PR,68,"$2,270.00",
ECOV31105150010,LLANTA 31X10.50-15 ECOVISION VI-286AT LT 109R 6PR,1,"$1,780.00",
EUZK3101050150015,LLANTA 31X10.50-15 EUZKADI OVERLANDER AT2,12,"$3,050.00",
JKTY31105150026,LLANTA 31X10.50-15 JK BLAZZE X-A/T 109R LT,20,"$2,550.00",
JKTY31105150010,LLANTA 31X10.50-15 JK TYRE A/T PLUS 8CP LT,8,"$2,000.00",
MAXT31105150013,LLANTA 31X10.50-15 MAXTREK SU-800 109S,23,"$1,900.00",
NERE311050150085,LLANTA 31X10.50-15 NEREUS NS501 AT 109S LT 6PR,5,"$2,180.00",
NERE311050150086,LLANTA 31X10.50-15 NEREUS NS523 MT 109Q LT 6PR,20,"$2,450.00",
TORN31105150010,LLANTA 31X10.50-15 TORNEL AT-09 L/B,24,"$2,250.00",
WANL31105150020,LLANTA 31X10.50-15 WANLI M105,32,"$2,580.00",
WANL31105150010,LLANTA 31X10.50-15 WANLI SU007,100,"$1,900.00",
WANL31105150025,LLANTA 31X10.50-15 WANLI SU009 109S,40,"$1,980.00",
WIND31105150030,LLANTA 31X10.50-15 WINDA WA80+ 6PR 109Q LT,12,"$2,170.00",
WIND31105150010,LLANTA 31X10.50-15 WINDA WM81 MT 109Q,12,"$2,450.00",
ECOV33012500019,LLANTA 33X12.50-15 ECOVISION VI-186MT 108Q 6PR LT,7,"$3,100.00",
HIFL33125150089,LLANTA 33X12.50-15 HIFLY VIGOROUS MT601 6PR 108Q,5,"$2,800.00",
GOOD700150126,LLANTA 700-15 GOODRIDE ST600 10PR,1,$980.00,
TORN700150006,LLANTA 700-15 TORNEL MT,2,"$1,950.00",
TORN70000150010,LLANTA 700-15 TORNEL T1300 LT S/C,19,"$1,880.00",
GOOD10000160020,LLANTA 1000-16 GOODYEAR DYNA RIB 10 F-2 TT 4 GUIAS,4,"$3,500.00",
1000-16GOOD,LLANTA 1000-16 GOODYEAR TRIPLE RIB HD 8 F-2 TL,4,"$4,050.00",
1000-16JK,LLANTA 1000-16 JK RIB KING 4 GUIAS 8C S/C TL,8,"$2,070.00",
SOLID1000160036,LLANTA 1000-16 SOLIDWAY 10PR F2 4 RIB TIRE ONLY,2,"$1,900.00",
1000-16TOR,LLANTA 1000-16 TORNEL FF99 3 GUIAS 8C C/C,3,"$2,160.00",
1000-16VOL,LLANTA 1000-16 VOLTYRE AGRO IF-131 115/8 A6 F-2 TL,12,"$3,160.00",
GOOD11000160010,LLANTA 1100-16 GOODYEAR DYNA RIB 8 F-2 4G TL,8,"$5,100.00",
1100-16GOOD,LLANTA 1100-16 GOODYEAR TRIPLE RIB HD 8 F-2 TL,11,"$5,200.00",
1100-16TOR,LLANTA 1100-16 JK FF 99 8PR TT,11,"$2,900.00",
PIRE11000160012,LLANTA 1100-16 PIRELLI TD500 A6 8F-2 TL,4,"$4,460.00",
GOOD11000160811,LLANTA 11-L 16 GOODYEAR LABORER 12 F-3 TL,6,"$4,930.00",
SOLI11000160030,LLANTA 11-L 16 SOLIDWAY L5 14CP EXTREME,6,"$3,350.00",
DURA16545160026,LLANTA 165-45-16 DURATURN MOZZO 74V,20,$900.00,
GOOD18555160010,LLANTA 185-55-16 GOODYEAR EAGLE SPORT 2 83V,18,"$1,650.00",
185-55-16GOO,LLANTA 185-55-16 GOODYEAR EFFICIENTGRIP PERFORMANCE 83V,32,"$1,850.00",
HIFL18555160013,LLANTA 185-55-16 HIFLY HF805 83V,2,$900.00,
JKUX18555160020,LLANTA 185-55-16 JK UX ROYALE MAXX 83H,3,$930.00,
KUMH18555160026,LLANTA 185-55-16 KUMHO HS52,2,"$1,340.00",
MAXT18555160010,LLANTA 185-55-16 MAXTREK MAXIMUS M1 83H,23,$900.00,
NERE18555160005,LLANTA 185-55-16 NEREUS NS601 87V,16,"$1,000.00",
OVAT18555160010,LLANTA 185-55-16 OVATION VI-388 83V,48,"$1,020.00",
COOP18575160010,LLANTA 185-75-16 CONTINENTAL VANCO 8 104/102R,6,"$2,450.00",
KUMH19545160014,LLANTA 195-45-16 KUMHO PS31,10,"$1,340.00",
OVAT19545160010,LLANTA 195-45-16 OVATION VI-388 84V,36,"$1,000.00",
HIFL19550160010,LLANTA 195-50-16 HIFLY HF805 XL 88V,30,$920.00,
OVAT19550160010,LLANTA 195-50-16 OVATION VI-388 88V,2,$830.00,
195-50-16REAL,LLANTA 195-50-16 TORNEL REAL,33,"$1,050.00",
DOUB19555160026,LLANTA 195-55-16 DOUBLEKING DK558,31,$960.00,
GOOD19555160010,LLANTA 195-55-16 GOODYEAR EAGLE SPORT 2 91V,37,"$1,970.00",
HIFL19555160010,LLANTA 195-55-16 HIFLY TIRES HF805 91 VXL,20,$820.00,
JKTY19555160026,LLANTA 195-55-16 JK UX ROYALE MAXX 87H,5,"$1,220.00",
NERE19555160015,LLANTA 195-55-16 NEREUS NS601 91W,20,"$1,060.00",
OVAT19555160010,LLANTA 195-55-16 OVATION VI-388 XL 91V,26,$880.00,
ROYA19555160013,LLANTA 195-55-16 ROYALBLACK ROYALMILE 87V,4,$880.00,
WIND19555160010,LLANTA 195-55-16 WINDA WH18 87W,14,"$1,100.00",
HIFL19575160010,LLANTA 195-75-16 HIFLY SUPER 2000 107/105R 8PR,2,"$1,200.00",
OVAT19575160026,LLANTA 195-75-16 OVATION V-02 107/105R 8PR,20,"$1,380.00",
HIFL20545160010,LLANTA 205-45-16 HIFLY HF805 87W,7,"$1,000.00",
NERE20545160022,LLANTA 205-45-16 NEREUS NS601 87W,40,"$1,080.00",
OVAT20545160010,LLANTA 205-45-16 OVATION VI-388 87W,10,"$1,160.00",
OVAT20550160010,LLANTA 205-50-16 OVATION VI-388 91W,30,"$1,150.00",
ARDU20555160001,LLANTA 205-55-16 ARDUZZA EPOCH NUOVO 91V TL,100,$750.00,
COOP20555160026,LLANTA 205-55-16 COOPER EVOLUTION SPORT 94H,18,"$1,400.00",
DOUB20555160026,LLANTA 205-55-16 DOUBLEKING DK569 91V,1,$800.00,
GOOD20555160010,LLANTA 205-55-16 GOODYEAR EAGLE SPORT 2 91V,2,"$1,390.00",
HIFL20555160010,LLANTA 205-55-16 HIFLY HF201,84,$900.00,
HIFL20555160012,LLANTA 205-55-16 HIFLY HF261,100,$760.00,
HIFL20555160020,LLANTA 205-55-16 HIFLY HF805,67,$920.00,
JKUX20555160014,LLANTA 205-55-16 JK TYRE UX1 91H,100,$980.00,
205-55-16KU,LLANTA 205-55-16 KUMHO ECOWING ES31 94V,3,"$1,220.00",
MAXT20555160010,LLANTA 205-55-16 MAXTREK MAXIMUS M1,100,$860.00,
MAXT20555160013,LLANTA 205-55-16 MAXTREK MAXIMUS M2 91V,16,"$1,000.00",
NERE20555160024,LLANTA 205-55-16 NEREUS NS601 91V,21,$870.00,
OVAT20555160010,LLANTA 205-55-16 OVATION VI-388 94W XL,42,$980.00,
OVAT20555160011,LLANTA 205-55-16 OVATION VI-682 91V,66,$880.00,
OVAT20555160012,LLANTA 205-55-16 OVATION VI-786 91V,56,$880.00,
TORN20555160010,LLANTA 205-55-16 TORNEL REAL,84,"$1,200.00",
WIND20555160020,LLANTA 205-55-16 WINDA WH18 91W,83,$960.00,
WIND20555160010,LLANTA 205-55-16 WINDA WP16 91V/W,76,$940.00,
HIFL20560160010,LLANTA 205-60-16 HIFLY HF201 92V,10,$900.00,
205-60-16MAXT,LLANTA 205-60-16 MAXTREK MAXIMUS M1 92H,88,"$1,040.00",
NERE20560160028,LLANTA 205-60-16 NEREUS NS601 98H,12,"$1,080.00",
OVAT20560160012,LLANTA 205-60-16 OVATION VI-682 92V,12,$980.00,
TORN20560160026,LLANTA 205-60-16 TORNEL REAL PLUS 91V,24,"$1,160.00",
205-60-16H220,LLANTA 205-60-16 WANLI H220 92H,13,"$1,140.00",
GOOD20565160026,LLANTA 205-65-16 GOODYEAR CARGO MARATHON 2 107T,34,"$2,220.00",
GOOD20565160010,LLANTA 205-65-16 GOODYEAR EFFICIENT GRIP CARGO 107/105T,2,"$2,660.00",
GOOD20565160025,LLANTA 205-65-16 GOODYEAR EFFICIENT GRIP SUV 95H,35,"$2,180.00",
JKTY20565160025,LLANTA 205-65-16 JK UX ROYAL MAXX 95H,30,"$1,100.00",
205-65-16MAXT,LLANTA 205-65-16 MAXTREK MAXIMUS M1 95H,3,"$1,320.00",
NERE20565160030,LLANTA 205-65-16 NEREUS NS601 95H,22,"$1,220.00",
NERE20565160031,LLANTA 205-65-16 NEREUS NS916 107/105R 8PR LT,9,"$1,350.00",
OVAT20565160089,LLANTA 205-65-16 OVATION V-02 107/105T 8PR,11,"$1,400.00",
WANL20565160010,LLANTA 205-65-16 WANLI SP026 95V,39,"$1,150.00",
GOOD20570160010,LLANTA 205-70-16 GOODYEAR EAGLE LS2 96T,20,"$2,700.00",
GOOD20575160010,LLANTA 205-75-16 GOODYEAR CARGO MARATHON 2 113/111Q E,27,"$3,200.00",
NERE20575160035,LLANTA 205-75-16 NEREUS NS916 110/108R 8PR,3,"$1,430.00",
OVAT20575160003,LLANTA 205-75-16 OVATION V-02 110/108R 8PR,22,"$1,550.00",
HIFL20500160010,LLANTA 205-R 16 HIFLY SUPER2000 110/108Q 8PR,3,"$1,460.00",
JKXP20500160024,LLANTA 205-R 16 JK ULTIMA XPC1 110/108R TL,26,"$1,770.00",
NERE20500160013,LLANTA 205-R 16 NEREUS NS916 110/108Q 8PR,2,"$1,460.00",
OVAT20500160010,LLANTA 205-R 16 OVATION V-02 110/108Q 8PR,48,"$1,620.00",
215-45-16GOO,LLANTA 215-45-16 GOODYEAR EFFICIENTGRIP PERFORMA 2 90V,8,"$2,650.00",
NERE21555160037,LLANTA 215-55-16 NEREUS NS601 97W,10,"$1,200.00",
OVAT21555160001,LLANTA 215-55-16 OVATION VI-388 97W,32,"$1,170.00",
WANL21555160010,LLANTA 215-55-16 WANLI H220 93W,16,"$1,140.00",
HIFL21560160010,LLANTA 215-60-16 HIFLY HF201 95V,56,"$1,140.00",
HIFL21560160013,LLANTA 215-60-16 HIFLY HF261 95H,26,$920.00,
215-60-16TJK,LLANTA 215-60-16 JK TYRE UX ROYALE 95V,12,"$1,200.00",
MAXT21560160012,LLANTA 215-60-16 MAXTREK MAXIMUS M2 95H,6,"$1,220.00",
OVAT21560160020,LLANTA 215-60-16 OVATION VI-682 95V,51,"$1,140.00",
OVAT21560160010,LLANTA 215-60-16 OVATION VI-786 95H,37,"$1,240.00",
TORN21560160010,LLANTA 215-60-16 TORNEL REAL,21,"$1,300.00",
ARDU21565-160025,LLANTA 215-65-16 ARDUZZA EPOCH NUOVO 98V,100,"$1,060.00",
DOUB21565160026,LLANTA 215-65-16 DOUBLEKING DK558,24,"$1,060.00",
ECOV21565160010,LLANTA 215-65-16 ECOVISION VI-286HT 98H,5,"$1,300.00",
GOOD21565160011,LLANTA 215-65-16 GOODYEAR WRL FORTITUDE HT 98H,15,"$2,200.00",
HIFL21565160013,LLANTA 215-65-16 HIFLY HF201 98H,30,"$1,280.00",
TORN21565160020,LLANTA 215-65-16 JK ELANZO TOURING 96T,35,"$1,200.00",
KUMH21565160013,LLANTA 215-65-16 KUMHO AT51,5,"$1,930.00",
215-65-16MAXT,LLANTA 215-65-16 MAXTREK MAXIMUS M1 102H,50,"$1,180.00",
NERE21565160040,LLANTA 215-65-16 NEREUS DYNTRAC 98H,27,"$1,300.00",
NERE21565160041,LLANTA 215-65-16 NEREUS NS601 98H,7,"$1,320.00",
OVAT21565160012,LLANTA 215-65-16 OVATION V-02 109/107T 8PR,6,"$1,550.00",
OVAT21565150032,LLANTA 215-65-16 OVATION VI-682 98H,24,"$1,140.00",
TORN21565160056,LLANTA 215-65-16 TORNEL REAL,10,"$1,340.00",
WANL21565160025,LLANTA 215-65-16 WANLI SP026 98H,93,"$1,150.00",
COOP21570160011,LLANTA 215-70-16 COOPPER EVOLUTION SPORT 100H,4,"$1,620.00",
DOUB2157016026,LLANTA 215-70-16 DOUBLEKING DK365,2,"$1,220.00",
ECOV21570160020,LLANTA 215-70-16 ECOVISION VI-286HT 100H,28,"$1,450.00",
215-70-16GOD,LLANTA 215-70-16 GOODYEAR FORTITUDE HT 100H SL,12,"$2,220.00",
HIFL21570160010,LLANTA 215-70-16 HIFLY SUPER 2000 108/106T 6PR,16,"$1,400.00",
JKEL21570160010,LLANTA 215-70-16 JK ELANZO TOURING TL,40,"$1,570.00",
KUMH21570160013,LLANTA 215-70-16 KUMHO AT51,1,"$1,700.00",
WANL21570160007,LLANTA 215-70-16 WANLI SU025 100H,58,"$1,400.00",
CONT21585160010,LLANTA 215-85-16 CONTINENTAL VANCONTACT AS 115/112Q,16,"$3,200.00",
COOP21585160010,LLANTA 215-85-16 COOPER DISCOVERER ATR LT 10C 115/112R,16,"$2,600.00",
ECOV21585160016,LLANTA 215-85-16 ECOVISION VI-286AT 115/112R 10PR LT,13,"$2,060.00",
HIFL22555160017,LLANTA 225-55-16 HIFLY HF805 99XL V,42,"$1,000.00",
OVAT22555160010,LLANTA 225-55-16 OVATION VI-388 99V,28,"$1,220.00",
ARDU22560160025,LLANTA 225-60-16 ARDUUZZA EPOCH NUOVO 98H,30,"$1,350.00",
COOP22560160010,LLANTA 225-60-16 COOPER CS1,11,"$1,620.00",
DOUB22560160026,LLANTA 225-60-16 DOUBLEKING DK558 98V,40,"$1,250.00",
TORN22560160012,LLANTA 225-60-16 JK ELANZO TOURING 97H,23,"$1,340.00",
225-60-16KUM,LLANTA 225-60-16 KUMHO ECOWING KH27 98V,1,"$1,280.00",
NERE22560160053,LLANTA 225-60-16 NEREUS NS601 98H,3,"$1,300.00",
225-60-16TOR,LLANTA 225-60-16 TORNEL ASTRAL,24,"$1,200.00",
WANL22560160010,LLANTA 225-60-16 WANLI SP026 98V,60,"$1,350.00",
GOOD22565160013,LLANTA 225-65-16 GOODYEAR G32 CARGO 112/110R,18,"$3,400.00",
OVAT22565160010,LLANTA 225-65-16 OVATION V-02 112/110R 8PR,5,"$1,650.00",
225-70-16ECO,LLANTA 225-70-16 ECOVISION VI-286HT 103H,20,"$1,500.00",
ECOV22575160010,LLANTA 225-75-16 ECOVISION VI-286AT 115/112S LT 10PR,22,"$1,950.00",
GOOD22575160011,LLANTA 225-75-16 GOODYEAR CARGO MARATHON 118/116R,12,"$3,460.00",
JKTY22575160025,LLANTA 225-75-16 JK BLAZZE X-AT 115/112R,10,"$2,060.00",
225-75-16ELA,LLANTA 225-75-16 JK ELANZO 104T,30,"$1,860.00",
225-75-16OVA,LLANTA 225-75-16 OVATION V-02 121/120R 12PR,22,"$1,740.00",
MAXT23560160026,LLANTA 235-60-16 MAXTREK SIERRA S6 100H,16,"$1,140.00",
GOOD23565160012,LLANTA 235-65-16 GOODYEAR CARGO MARATHON 121/119R,15,"$3,780.00",
KUMH23565160013,LLANTA 235-65-16 KUMHO KC53,48,"$2,450.00",
OVAT23565160010,LLANTA 235-65-16 OVATION V-02 115/113T 8PR,16,"$1,700.00",
DOUB23570160026,LLANTA 235-70-16 DOUBLEKING DK365,1,"$1,150.00",
ECOV23570160015,LLANTA 235-70-16 ECOVISION VI-286AT 106T,22,"$1,500.00",
GOOD23570160010,LLANTA 235-70-16 GOODYEAR WRANGLER WORKHORSE AT 109T,5,"$3,080.00",
HIFL23570160039,LLANTA 235-70-16 HIFLY VIGOROUS AT601 106T,9,"$1,460.00",
235-70-16TEL,LLANTA 235-70-16 JK ELANZO TOURING 104T,36,"$1,880.00",
JKTY23570160010,LLANTA 235-70-16 JK TYRE A/T PLUS LT 110/107Q,22,"$1,980.00",
KUMH23570160012,LLANTA 235-70-16 KUMHO AT52,14,"$2,250.00",
MAXT23570160010,LLANTA 235-70-16 MAXTREK SU-800 106S,43,"$1,650.00",
NERE23570160064,LLANTA 235-70-16 NEREUS  MT NS523  110/107Q LT,6,"$2,200.00",
NERE23570160066,LLANTA 235-70-16 NEREUS NS501 AT 106T,18,"$1,700.00",
TORN23570160010,LLANTA 235-70-16 TORNEL AT09 L/N,17,"$1,840.00",
235-70-16WA,LLANTA 235-70-16 WANLI AS028,10,"$1,700.00",
WANL23570160024,LLANTA 235-70-16 WANLI SU009 106T,26,"$1,700.00",
235-85-16ECO,LLANTA 235-85-16 ECOVISION VI-286AT 120/116 10PR LT,22,"$2,350.00",
JKTY23585160026,LLANTA 235-85-16 JK BLAZZE-AT 10C,2,"$2,400.00",
ECOV24570160016,LLANTA 245-70-16 ECOVISION VI-286AT 107T,30,"$1,680.00",
ECOV24570160010,LLANTA 245-70-16 ECOVISION VI-686AT 107T,4,"$1,780.00",
HIFL24570160026,LLANTA 245-70-16 HIFLY AT601 113/110S 8PR,8,"$1,800.00",
WANL245701600010,LLANTA 245-70-16 WANLI SU006 111T,14,"$2,100.00",
245-70-16WIN,LLANTA 245-70-16 WINDA WV11,10,"$1,740.00",
COOP2457516001,LLANTA 245-75-16 COOPER DISCOVERER ATS 120/116R,12,"$2,960.00",
COOP24575160010,LLANTA 245-75-16 COOPER EVOLUTION ATT LT 120 116R,44,"$2,620.00",
DOUB24575160026,LLANTA 245-75-16 DOUBLEKING DK788 120/116 10PR,24,"$1,780.00",
245-75-16ECOV,LLANTA 245-75-16 ECOVISION VI-186MT LT120/116Q 10PR,68,"$2,500.00",
ECOV24575160012,LLANTA 245-75-16 ECOVISION VI-286AT 111S,55,"$1,480.00",
ECOV24575160116,LLANTA 245-75-16 ECOVISION VI-286AT LT 120/116S 10PR,23,"$2,000.00",
GOOD24575160013,LLANTA 245-75-16 GOODYEAR WORKHORSE AT LT 114S,10,"$3,700.00",
HIFL24575160601,LLANTA 245-75-16 HIFLY VIGOROUS AT601 10PR 120/116S LT,1,"$1,800.00",
HIFL24575160099,LLANTA 245-75-16 HIFLY VIGOROUS MT601 LT 10PR,56,"$2,160.00",
JKBL24575160017,LLANTA 245-75-16 JK BLAZZE X-A/T 120/116R 10PR,6,"$2,100.00",
KUMH24575160012,LLANTA 245-75-16 KUMHO AT52,100,"$2,800.00",
245-75-16KUM,LLANTA 245-75-16 KUMHO ROAD VENTURE AT51 120/116Q,79,"$2,900.00",
245-75-16KU,LLANTA 245-75-16 KUMHO ROAD VENTURE MT51 120/116Q,38,"$3,500.00",
245-75-16LT,LLANTA 245-75-16 MAXTREK SU-800 10C 120/116S LT,48,"$2,160.00",
245-75-16MA,LLANTA 245-75-16 MAXTREK SU-800 111S,14,"$1,920.00",
NERE24575160069,LLANTA 245-75-16 NEREUS NS501 120/116S 10PR LT,6,"$2,200.00",
NERE24575160070,LLANTA 245-75-16 NEREUS NS523 MT 120/116Q,16,"$2,700.00",
TORN24575160120,LLANTA 245-75-16 TORNEL AT09 L/N 6CAPAS,100,"$2,000.00",
COOP25570160010,LLANTA 255-70-16 COOPER EVOLUTION ATT 111T,23,"$2,400.00",
ECOV25570160012,LLANTA 255-70-16 ECOVISION VI-686AT 111T,13,"$1,780.00",
GOOD25570160010,LLANTA 255-70-16 GOODYEAR  WRANGLER WORKHORSE AT 115T,7,"$3,600.00",
HIFL25570160010,LLANTA 255-70-16 HIFLY VIGOROUS AT601 111T,1,"$1,650.00",
KUMH25570160010,LLANTA 255-70-16 KUMHO AT52,1,"$2,400.00",
WANL25570160010,LLANTA 255-70-16 WANLI SU006,4,"$1,850.00",
ECOV26570160014,LLANTA 265-70-16 ECOVISION VI-286AT 112T,5,"$1,860.00",
ECOV26570160010,LLANTA 265-70-16 ECOVISION VI-286HT 112H,3,"$1,820.00",
ECOV26570160012,LLANTA 265-70-16 ECOVISION VI-686 112T,14,"$1,920.00",
JKTY26570160026,LLANTA 265-70-16 JK BLAZZE H/T 111T,26,"$2,230.00",
WANL26570160011,LLANTA 265-70-16 WANLI SU006 112S,14,"$2,200.00",
WANL26570160024,LLANTA 265-70-16 WANLI SU009 112T,8,"$2,000.00",
WIND26570160020,LLANTA 265-70-16 WINDA WV11 112T/H,14,"$1,960.00",
COOP26575160010,LLANTA 265-75-16 COOPER EVOLUTION ATT LT 123/120R,89,"$2,580.00",
DOUB26575160026,LLANTA 265-75-16 DOUBLEKING DK788 123/120R 10PR LT,1,"$1,850.00",
ECOV26575160030,LLANTA 265-75-16 ECOVISION VI-186MT LT 123/120Q 10PR,43,"$2,760.00",
ECOV26575160013,LLANTA 265-75-16 ECOVISION VI-286AT 116S,32,"$1,700.00",
ECOV26575160010,LLANTA 265-75-16 ECOVISION VI-286AT LT 123/120R 10PR,73,"$2,150.00",
HIFL26575160116,LLANTA 265-75-16 HIFLY TIRES VIGOROUS AT601 116 S,46,"$1,650.00",
HIFL26575160010,LLANTA 265-75-16 HIFLY VIGOROUS AT601 123/120R LT 10PR,65,"$2,100.00",
HIFL26575160014,LLANTA 265-75-16 HIFLY VIGOROUS MT601 10PR,1,"$2,360.00",
KUMH26575160013,LLANTA 265-75-16 KUMHO AT52,69,"$2,760.00",
265-75-16KUH,LLANTA 265-75-16 KUMHO ROAD VENTURE AT51 LT 123/120R,44,"$3,150.00",
265-75-16KU,LLANTA 265-75-16 KUMHO ROAD VENTURE MT51 123/120Q,15,"$3,500.00",
MAXT26575160002,LLANTA 265-75-16 MAXTREK SU-800 116S,4,"$1,850.00",
265-75-16TOR,LLANTA 265-75-16 TORNEL AT09 L/B,9,"$2,300.00",
TORN26575160009,LLANTA 265-75-16 TORNEL AT-09 L/N,97,"$2,350.00",
CONTI28555160126,LLANTA 285-55-16 CONTINENTAL VANCONTACT A-S 126N,12,"$4,950.00",
ECOV28575160012,LLANTA 285-75-16 ECOVISION VI-286AT 126/123R 10PR LT,2,"$2,800.00",
285-75-16HIF,LLANTA 285-75-16 HIFLY VIGOROUS AT601 126/123R LT 10PR,17,"$2,520.00",
TORN650160000,LLANTA 650-16 TORNEL T1300 S/C,7,"$1,800.00",
TORN700160006,LLANTA 700-16 TORNEL LT,10,"$1,880.00",
GOOD75000160023,LLANTA 750-16 GOODRIDE ST600 10PR,12,"$1,200.00",
GOOD75000160010,LLANTA 750-16 GOODYEAR RIB TRACTOR 8 F-2 TT,5,"$2,320.00",
JKTY75000160050,LLANTA 750-16 JK TYRE FF 99 C/C 8C 3G,4,"$1,650.00",
SOLI75000160010,LLANTA 750-16 SOLIDWAY (TIRE ONLY) 3RIB 8PR F2 TT,1,"$1,150.00",
750-16TOR,LLANTA 750-16 TORNEL 10C C/C T1300,14,"$2,200.00",
TORN75016000000,LLANTA 750-16 TORNEL 10C S/C T1300,3,"$2,280.00",
TORN750160018,LLANTA 750-16 TORNEL AMAZONAS TRACCION,11,"$2,350.00",
TORN75016000003,LLANTA 750-16 TORNEL MAGNA 8C,15,"$2,000.00",
750-16VOL,LLANTA 750-16 VOLTYRE YAF-399 6 98A6 F-2 TT,3,"$2,100.00",
10-16.5JK,LLANTA 10-16.5 (10) TL JET TRAX SUPER JK TORNEL,8,"$2,200.00",
12-16.5FLOT,LLANTA 12-16.5 JET TRAX HD L4 TL FLOT,4,"$4,600.00",
JKTR12000165010,LLANTA 12-16.5 JET TRAX JK SUPER 12PR TL,13,"$3,050.00",
JKTR1200165012,LLANTA 12-16.5 JET TRAX ULTIMA 12PR TL,8,"$4,100.00",
12-16.5 SOLD 14PR TL L5,LLANTA 12-16.5 SOLIDWAY 14PR TL L5,2,"$3,750.00",
SOLI12000165030,LLANTA 12-16.5 SOLIDWAY SKS-2 12PR TL,2,"$3,870.00",
KUMH20540170013,LLANTA 205-40-17 KUMHO PS31,2,"$1,460.00",
MAXT20540170010,LLANTA 205-40-17 MAXTREK MAXIMUS DS01 84W,26,"$1,200.00",
MAXT20545170010,LLANTA 205-40-17 MAXTREK MAXIMUS M1,98,$980.00,
NERE20540170021,LLANTA 205-40-17 NEREUS NS601 84W,5,$950.00,
OVAT20540170010,LLANTA 205-40-17 OVATION VI-388 84W,23,"$1,100.00",
HIFL20545170010,LLANTA 205-45-17 HIFLY TIRES HF805 88 XL W,1,"$1,020.00",
JKTY20545170026,LLANTA 205-45-17 JK UX ROYALE MAXX 84H,3,"$1,050.00",
MAXT20545170011,LLANTA 205-45-17 MAXTREK MAXIMUS DS01 88W,30,"$1,300.00",
205-45-17MAXT,LLANTA 205-45-17 MAXTREK MAXIMUS M1 88W,23,"$1,200.00",
NERE20545170023,LLANTA 205-45-17 NEREUS NS601 88W,4,"$1,050.00",
OVAT20545170010,LLANTA 205-45-17 OVATION VI-388 88W,19,"$1,160.00",
205-50-17GOO,LLANTA 205-50-17 GOODYEAR EAGLE TOURING 89V SL,7,"$2,270.00",
HIFL20550170010,LLANTA 205-50-17 HIFLY HF805 93W XL,54,"$1,050.00",
KUMH20550170026,LLANTA 205-50-17 KUMHO ES31,6,"$1,420.00",
MAXT20550170026,LLANTA 205-50-17 MAXTREK M1 93V,14,"$1,000.00",
OVAT20550170010,LLANTA 205-50-17 OVATION VI-388 93W,20,"$1,180.00",
FIRE20555170010,LLANTA 205-55-17 FIRESTONE FT140 91V,2,"$1,850.00",
GOOD20555170085,LLANTA 205-55-17 GOODYEAR WRANGLER TERRITORY HT 91V SL,69,"$1,680.00",
HIFL20555170010,LLANTA 205-55-17 HIFLY HF805 95XL W,1,"$1,150.00",
NERE20555170025,LLANTA 205-55-17 NEREUS NS601 95W,13,"$1,100.00",
205-55-17OVA,LLANTA 205-55-17 OVATION VI-388 95W,38,"$1,200.00",
215-40-17OVA,LLANTA 215-40-17 OVATION VI-388,25,"$1,160.00",
HIFL21545170010,LLANTA 215-45-17 HIFLY TIRES HF805 91 XL W,10,"$1,060.00",
215-45-17KUM,LLANTA 215-45-17 KUMHO ECSTA PS31 91W,3,"$1,490.00",
OVAT21545170010,LLANTA 215-45-17 OVATION VI-388 91W,25,"$1,180.00",
WIND21545170010,LLANTA 215-45-17 WINDA WH16 91W,10,"$1,140.00",
HIFL21550170010,LLANTA 215-50-17 HIFLY HF805 95XL W,17,"$1,100.00",
JKTY21550170025,LLANTA 215-50-17 JK UX1 95V,44,"$1,450.00",
215-50-17KUM,LLANTA 215-50-17 KUMHO ECSTA PS31 95W XL,30,"$1,450.00",
215-50-17MAXT,LLANTA 215-50-17 MAXTREK MAXIMUS M1 95V,1,"$1,060.00",
OVAT21550170010,LLANTA 215-50-17 OVATION VI-388 95W XL,29,"$1,250.00",
WANL21550170302,LLANTA 215-50-17 WANLI SA302 91W,9,"$1,330.00",
GOOD21555170029,LLANTA 215-55-17 GOODYEAR ASSURANCE FINESSE 94H,24,"$2,360.00",
GOOD21555170013,LLANTA 215-55-17 GOODYEAR EFFICIENT GRIP SUV 94V,13,"$2,350.00",
HIFL21555170010,LLANTA 215-55-17 HIFLY HF805 98XL W,2,"$1,180.00",
215-55-17KUM,LLANTA 215-55-17 KUMHO SOLUS TA31 94V,6,"$2,000.00",
NERE21555170038,LLANTA 215-55-17 NEREUS NS601 98W XL,7,"$1,350.00",
OVAT21555170013,LLANTA 215-55-17 OVATION VI-388 98W XL,11,"$1,340.00",
ECOV21560170010,LLANTA 215-60-17 ECOVISION VI-286HT 96H,15,"$1,380.00",
ECOV21560170011,LLANTA 215-60-17 ECOVISION VI-386HP 96H,45,"$1,380.00",
GOOD21560170088,LLANTA 215-60-17 GOODYEAR EFFICIENT GRIP SUV 96H,22,"$2,350.00",
HIFL21560170010,LLANTA 215-60-17 HIFLY HP801 96H,5,"$1,220.00",
MAXT21560171030,LLANTA 215-60-17 MAXTREK MAXIMUS M2,1,"$1,260.00",
NERE21560170039,LLANTA 215-60-17 NEREUS DYNTRAC 96V,20,"$1,550.00",
WANL21560170001,LLANTA 215-60-17 WANLI H220,8,"$1,400.00",
ZEXT21560170026,LLANTA 215-60-17 ZEXTOUR PREMIUM LS668,1,"$1,180.00",
215-65-17GOOD,LLANTA 215-65-17 GOODYEAR ASSURANCE FINESSE 99H,18,"$1,980.00",
MAXT21565170026,LLANTA 215-65-17 MAXTREK SIERRA S6 99H,8,"$1,320.00",
MAXT21570170013,LLANTA 215-70-17 MAXTREK SIERRA S6 101H,8,"$1,860.00",
EUDE21575175012,LLANTA 215-75-17.5 EUDEMON UD188 TRACCION,3,"$2,810.00",
EUDE2175175013,LLANTA 215-75-17.5 EUDEMON UF195 LINEAL,2,"$2,750.00",
215-75-17.5GOOD,LLANTA 215-75-17.5 GOODRIDE CR960A 16 PR,30,"$2,450.00",
HIFL21575175010,LLANTA 215-75-17.5 HIFLY TIRES HH111 16PR 135/133 L,20,"$2,200.00",
PIRE21575175013,LLANTA 215-75-17.5 PIRELLI FG01 TRACCION 126/124K,12,"$5,050.00",
PIRE21575175010,LLANTA 215-75-17.5 PIRELLI MC-01 126/124M M+S,12,"$5,120.00",
SAIL215751750015,LLANTA 215-75-17.5 SAILUN S637 16PR,14,"$2,600.00",
215-75-17.5TOR,LLANTA 215-75-17.5 TORNEL JK JUL3 16C LARGA DISTANCIA,6,"$3,500.00",
GOOD22545170010,LLANTA 225-45-17 GOODYEAR EFFICIENT GRIP PERFORMANCE 94W,16,"$1,850.00",
225-45-17KUM,LLANTA 225-45-17 KUMHO ECSTA PS31 94W,1,"$1,550.00",
KUMH22545170013,LLANTA 225-45-17 KUMHO ES31,63,"$1,320.00",
MAXT22545170013,LLANTA 225-45-17 MAXTREK MAXIMUS DS01 91W,88,"$1,280.00",
MAXT22545170020,LLANTA 225-45-17 MAXTREK MAXIMUS M1,65,"$1,080.00",
MAXT22545170010,LLANTA 225-45-17 MAXTREK MAXIMUS M2 94W,42,"$1,300.00",
NERE22545170051,LLANTA 225-45-17 NEREUS NS601 94W,15,"$1,070.00",
OVAT22545170010,LLANTA 225-45-17 OVATION VI-388 94W,64,"$1,040.00",
DOUB22550170026,LLANTA 225-50-17 DOUBLEKING DK798 94W,15,"$1,180.00",
GOOD22550170015,LLANTA 225-50-17 GOODYEAR EFFICIENTGRIP PERFORMANCE 2 98W,16,"$2,850.00",
MAXT22550170026,LLANTA 225-50-17 MAXTREK M1 98W,26,"$1,200.00",
OVAT22550170010,LLANTA 225-50-17 OVATION VI-388 XL 98W,23,"$1,320.00",
WIND22550170010,LLANTA 225-50-17 WINDA WH16 98W,11,"$1,250.00",
JKTY22555170026,LLANTA 225-55-17 JK UX1 101V,36,"$1,550.00",
OVAT2255517010,LLANTA 225-55-17 OVATION VI-388 101W,23,"$1,300.00",
WANL22555170010,LLANTA 225-55-17 WANLI SA302,59,"$1,450.00",
WIND22555170076,LLANTA 225-55-17 WINDA WH16 101W,10,"$1,380.00",
ECOV22560170013,LLANTA 225-60-17 ECOVISION VI-286HT 99H,4,"$1,520.00",
225-60-17FIR,LLANTA 225-60-17 FIRESTONE DESTINATION LE2 SUV HL 99T,2,"$2,100.00",
GOOD22560170015,LLANTA 225-60-17 GOODYEAR ASSURANCE WEATHERREADY 99H,26,"$2,750.00",
GOOD22560170010,LLANTA 225-60-17 GOODYEAR WRL FORTITUDE HT 103H,15,"$2,550.00",
HIFL22560170021,LLANTA 225-60-17 HIFLY VIGOROUS HT601,30,"$1,320.00",
KUMH22560170013,LLANTA 225-60-17 KUMHO HP71,96,"$1,980.00",
225-60-17MAX,LLANTA 225-60-17 MAXTREK SIERRA S6 99V,21,"$1,520.00",
ARDU22565170001,LLANTA 225-65-17 ARDUZZA ROADCROSSER H/T 102V,78,"$1,200.00",
225-65-17COP,LLANTA 225-65-17 COOPER EVOLUTION SPORT 102H,4,"$1,760.00",
ECOV22565170026,LLANTA 225-65-17 ECOVISION VI-286HT 102H,19,"$1,520.00",
GOOD22565170012,LLANTA 225-65-17 GOODYEAR WRL FORTITUDE,34,"$2,350.00",
HIFL22565170023,LLANTA 225-65-17 HIFLY VIGOROUS HT601,21,"$1,550.00",
JKTY22565170026,LLANTA 225-65-17 JK BLAZZE H/T 102H,46,"$1,700.00",
ARDU23545170026,LLANTA 235-45-17 ARDUZZA EPOCH SPORT 97W,48,"$1,100.00",
HIFL23545170031,LLANTA 235-45-17 HIFLY TIRES HF805 97 WXL,10,"$1,160.00",
OVAT23545170010,LLANTA 235-45-17 OVATION VI-388 97W,24,"$1,320.00",
JKUX23555170014,LLANTA 235-55-17 JK TYRE UX1,24,"$1,640.00",
OVAT23555170010,LLANTA 235-55-17 OVATION VI-388 103W,6,"$1,450.00",
ECOV23560170011,LLANTA 235-60-17 ECOVISION VI-286HT 102H,9,"$1,660.00",
GOOD23560170012,LLANTA 235-60-17 GOODYEAR WRL FORTITUDE HT 102V,13,"$2,800.00",
KUMH23560171020,LLANTA 235-60-17 KUMHO R17 T04L HT51,58,"$2,040.00",
NERE23560170061,LLANTA 235-60-17 NEREUS DYNATRAC 102H,2,"$1,580.00",
ECOV23565170025,LLANTA 235-65-17 ECOVISION VI-286HT XL 108H,3,"$1,780.00",
GOOD23565170010,LLANTA 235-65-17 GOODYEAR WRL FORTITUDE HT 104V,20,"$2,860.00",
HIFL23565170038,LLANTA 235-65-17 HIFLY VIGOROUS HT601,9,"$1,520.00",
JKBL23565170015,LLANTA 235-65-17 JK BLAZZE HT 103H,10,"$1,700.00",
MATR23565170010,LLANTA 235-65-17 MAXTREK SIERRA S6 104H,4,"$1,460.00",
NERE23565170013,LLANTA 235-65-17 NEREUS DYNTRAC HT 108H,2,"$1,560.00",
WANL23565170013,LLANTA 235-65-17 WANLI SU025 104V,18,"$1,750.00",
235-65-17WIN,LLANTA 235-65-17 WINDA 104T/H WV11,10,"$1,620.00",
EUDE23575175026,LLANTA 235-75-17.5 EUDEMON UA130 LINEAL REGIONAL,18,"$3,100.00",
EUDE23575175014,LLANTA 235-75-17.5 EUDEMON UD188 TRACCION,8,"$3,190.00",
HIFL23575170045,LLANTA 235-75-17.5 HIFLY HH111 16PR 143/141L,14,"$2,550.00",
TORN23575175010,LLANTA 235-75-17.5 JK JETSTEL JDH5 14C TL,11,"$4,000.00",
PIRE23575175011,LLANTA 235-75-17.5 PIRELLI FG01 TRACCION  132/130K TL,12,"$5,600.00",
PIRE23575175010,LLANTA 235-75-17.5 PIRELLI FR01 LINEAL 132/130M TL,12,"$5,450.00",
SAIL235751750004,LLANTA 235-75-17.5 SAILUN S637 16PR,34,"$3,100.00",
GOOD23580170026,LLANTA 235-80-17 GOODYEAR WRL AT ADV 120/117R,65,"$3,100.00",
ECOV24565170018,LLANTA 245-65-17 ECOVISION VI-286AT 107T,10,"$1,850.00",
GOOD24565170013,LLANTA 245-65-17 GOODYEAR FORTERA 105T,4,"$2,650.00",
245-65-17HIFL,LLANTA 245-65-17 HIFLY VIGOROUS AT601 107T,8,"$1,760.00",
JKBL24565170015,LLANTA 245-65-17 JK BLAZZE H/T TL 105T,1,"$1,700.00",
ECOV24570170031,LLANTA 245-70-17 ECOVISION VI-286AT 110T,3,"$1,960.00",
JKTY24570170025,LLANTA 245-70-17 JK BLAZZE X-AT LT 119/116S 10C,38,"$2,500.00",
ECOV24575170010,LLANTA 245-75-17 ECOVISION VI-286AT 121/118S 10PR LT,18,"$2,400.00",
GENE24575170010,LLANTA 245-75-17 GENERAL GRABBER HTS,1,"$3,460.00",
245-75-17HI,LLANTA 245-75-17 HIFLY VIGOROUS HT601 121/118S 10PR LT,6,"$2,350.00",
JKTI24575170010,LLANTA 245-75-17 JK BLAZZE X A/T LT 121/118S S/C,8,"$2,400.00",
JKTY24575170017,LLANTA 245-75-17 JK TYRE BLAZZE H/T 121/118S SC 10CP,2,"$2,500.00",
ANTA25560170025,LLANTA 255-60-17 ANTARES MAJORIS R1 106H,10,"$2,250.00",
ECOV26565170010,LLANTA 265-65-17 ECOVISION VI-286AT 112T,15,"$1,960.00",
265-65-17HI,LLANTA 265-65-17 HIFLY VIGOROUS AT601 112T,1,"$1,830.00",
265-65-17AT606,LLANTA 265-65-17 HIFLY VIGOROUS AT606,14,"$2,000.00",
LUIS26565170026,LLANTA 265-65-17 LUISTONE GRIPEER R/T A11 LT,10,"$2,400.00",
NERE26565170074,LLANTA 265-65-17 NEREUS NS501 112T,4,"$2,200.00",
265-65-17WAN,LLANTA 265-65-17 WANLI SU006 112S,21,"$2,100.00",
ECOV26570170020,LLANTA 265-70-17 ECOVISION VI-186MT 121/118Q 10PR LT,40,"$3,020.00",
265-70-17ECO,LLANTA 265-70-17 ECOVISION VI-286AT LT 121/118S 10PR,9,"$2,180.00",
GOOD26570170030,LLANTA 265-70-17 GOODYEAR WRANGLER ATS 113S,6,"$2,800.00",
GOOD26570170039,LLANTA 265-70-17 GOODYEAR WRANGLER WORKHORSE AT 121/118S,7,"$2,850.00",
HIFL26570170045,LLANTA 265-70-17 HIFLY VIGOROUS AT601 121/118S LT 10PR,12,"$2,050.00",
HIFL26570170036,LLANTA 265-70-17 HIFLY VIGOROUS MT601,1,"$2,600.00",
JKTY26570170028,LLANTA 265-70-17 JK BLAZZE A/T TL 123/120S LT,20,"$2,800.00",
265-70-17KUM,LLANTA 265-70-17 KUMHO ROAD VENTURE MT51 121/118R,16,"$3,400.00",
265-70-17MAXT,LLANTA 265-70-17 MAXTREK DITTO RX 121/118Q 10C LT,1,"$2,760.00",
MAXT26570170014,LLANTA 265-70-17 MAXTREK HILL TRACKER 121/118S,40,"$2,600.00",
MAXT26570170020,LLANTA 265-70-17 MAXTREK MUD TRAC 121Q,38,"$2,600.00",
ECOV28570170017,LLANTA 285-70-17 ECOVISION VI-286AT 117T,16,"$2,250.00",
ECOV28570170010,LLANTA 285-70-17 ECOVISION VI-286AT LT 121/118R 10PR,44,"$3,000.00",
285-70-17AT601,LLANTA 285-70-17 HIFLY VIGOROUS AT601 121/118R LT 10PR,8,"$2,650.00",
MAXT3300125018,LLANTA 33X12.50-17 MAXTREK MUD TRAC 120Q LT,49,"$3,200.00",
KUMH35125170014,LLANTA 35X12.50-17 KUMHO AT52,3,"$4,320.00",
MAXT35125170026,LLANTA 35X12.50-17 MAXTREK MUD TRAC 10C 121Q,2,"$3,270.00",
GOOD75000170001,LLANTA 750-17 GOODYEAR 10 CAPAS S/C,100,"$2,900.00",
JETR750170002,LLANTA 750-17 JET TRACK TORNEL 10CP C/C,66,"$2,850.00",
PIRE750170001,LLANTA 750-17 PIRELLI ANTEO A.AT52 121/116L,12,"$2,800.00",
TORN750170001,LLANTA 750-17 TORNEL 8 CAPAS C/C,3,"$2,300.00",
TORN75000170010,LLANTA 750-17 TORNEL T1300 10 CAPAS S/C,100,"$2,400.00",
WESL750170001,LLANTA 750-17 WESTLAKE AZ589 116/114L (RADIAL),20,"$3,050.00",
SOLD14001750010,LLANTA 14-17.5 SOLIDWAY SKS1 TL,2,"$4,000.00",
JETX14000175015,LLANTA 14-17.5 TORNEL JET TRAX SUPER II 14PR TL,2,"$4,600.00",
GOOD1258018001,LLANTA 12.5-80-18 GOODYEAR SURE GRIP AGRICOLA 10 I-3 TL,6,"$6,000.00",
GOOD1258018002,LLANTA 12.5-80-18 GOODYEAR SURE GRIP LUG 10 I-3 TL,9,"$7,650.00",
GOOD1258018003,LLANTA 12.5-80-18 GOODYEAR SURE GRIP LUG 14 I-3 TL,12,"$8,060.00",
JKID12580180010,LLANTA 12.5-80-18 JK INDUSTRIAL DX 12C S/C,10,"$4,050.00",
TORN12580180010,LLANTA 12.5-80-18 TORNEL INDUSTRIAL DX 12C S/C,2,"$4,050.00",
GOOD21545180011,LLANTA 215-45-18 GOODYEAR EAGLE F1 ASYM 93Y,3,"$2,260.00",
MAXT21545180010,LLANTA 215-45-18 MAXTREK MAXIMUS M1 93W,66,"$1,170.00",
ECOV21555180013,LLANTA 215-55-18 ECOVISION VI-386HP 99V,15,"$1,400.00",
GOOD21555180015,LLANTA 215-55-18 GOODYEAR WRANGLER TERRITORY VW 95V,11,"$2,850.00",
HIFL21555180010,LLANTA 215-55-18 HIFLY VIGOROUS HP801 99XL V,26,"$1,260.00",
OVAT22535180010,LLANTA 225-35-18 OVATION VI-388 87W,10,"$1,500.00",
ARDU22540180002,LLANTA 225-40-18 ARDUZZA EPOCH SPORT 92W XL TL,32,"$1,060.00",
JKUX22540180024,LLANTA 225-40-18 JK UX ROYALE MAXX 88V,8,"$1,420.00",
225-40-18KUM,LLANTA 225-40-18 KUMHO ECSTA PS31 92W,35,"$1,620.00",
MAXT22540180013,LLANTA 225-40-18 MAXTREK MAXIMUS M2 92W,2,"$1,420.00",
OVAT22540180010,LLANTA 225-40-18 OVATION VI-388 92W,16,"$1,250.00",
225-45-18GOO,LLANTA 225-45-18 GOODYEAR EFFICIENT GRIP PERF 95W,19,"$3,350.00",
HIFL22545180014,LLANTA 225-45-18 HIFLY HF805 95XL W,1,"$1,160.00",
OVAT22545180010,LLANTA 225-45-18 OVATION VI-388 95W XL,25,"$1,280.00",
225-50-18KUM,LLANTA 225-50-18 KUMHO ECSTA PS31 95W,59,"$1,680.00",
MAXT22550180026,LLANTA 225-50-18 MAXTREK SIERRA S6 95V,4,"$1,280.00",
ECOV22555180010,LLANTA 225-55-18 ECOVISION VI-386HP 98V,21,"$1,440.00",
GOOD22555180026,LLANTA 225-55-18 GOODYEAR EFFICIENTGRIP PERFORM 102V SUV,19,"$3,250.00",
ECOV22560180010,LLANTA 225-60-18 ECOVISION VI-386HP 100V,32,"$1,500.00",
GOOD2256018001,LLANTA 225-60-18 GOODYEAR EFFICIENTGRIP SUV 100V,1,"$2,300.00",
HIFL22560180022,LLANTA 225-60-18 HIFLY VIGOROUS HP801 100V,6,"$1,350.00",
JKTY22560180026,LLANTA 225-60-18 JK ELANZO TOURING 100H,12,"$1,700.00",
JKTY22560180025,LLANTA 225-60-18 JK UX1 104H,9,"$1,550.00",
KUMH22560180012,LLANTA 225-60-18 KUMHO HP71,2,"$1,980.00",
OVAT23540180010,LLANTA 235-40-18 OVATION VI-388 95W,27,"$1,330.00",
JKUX23545180020,LLANTA 235-45-18 JK UX ROYALE MAXX 94V,8,"$1,350.00",
OVAT23545180013,LLANTA 235-45-18 OVATION VI-388 98W,27,"$1,380.00",
ZEXT23545180026,LLANTA 235-45-18 ZEXTOUR PREMIUM LS665,1,"$1,220.00",
DOUB23555180026,LLANTA 235-55-18 DOUBLEKING DK365 100H A/T SUV,1,"$1,360.00",
ECOV23555180010,LLANTA 235-55-18 ECOVISION VI-386HP 100V,17,"$1,520.00",
GOOD23555180010,LLANTA 235-55-18 GOODYEAR ASSURANCE FINESSE 100H SL,9,"$2,500.00",
HIFL23555180035,LLANTA 235-55-18 HIFLY VIGOROUS HP801 100V,1,"$1,360.00",
235-55-18JKE,LLANTA 235-55-18 JK ELANZO,9,"$2,150.00",
KUMH23555180013,LLANTA 235-55-18 KUMHO HP71,63,"$2,400.00",
MAXT23555180010,LLANTA 235-55-18 MAXTREK SIERRA S6 100V,30,"$1,500.00",
ECOV23560180010,LLANTA 235-60-18 ECOVISION VI-386HP 107V,14,"$1,650.00",
GOOD23560180026,LLANTA 235-60-18 GOODYEAR WRL FORTITUDE HT 103V,2,"$2,850.00",
HIFL23560180026,LLANTA 235-60-18 HIFLY HP801 107V XL,6,"$1,480.00",
OVAT24540180010,LLANTA 245-40-18 OVATION VI-388 97W,42,"$1,360.00",
GOOD24545180010,LLANTA 245-45-18 GOODYEAR EAGLE RSA 96V,24,"$4,950.00",
HIFL24545180042,LLANTA 245-45-18 HIFLY TIRES HF805 100 XL W,14,"$1,260.00",
OVAT24545180010,LLANTA 245-45-18 OVATION VI-388 100W,11,"$1,420.00",
ECOV24560180010,LLANTA 245-60-18 ECOVISION VI-386HP 105V,6,"$1,660.00",
HIFL24560180010,LLANTA 245-60-18 HIFLY HP801 105V,4,"$1,520.00",
JKTY24560180018,LLANTA 245-60-18 JK TYRE ELANZO TOURING 104H,1,"$2,000.00",
255-55-18ECO,LLANTA 255-55-18 ECOVISION VI-386HP 109W,12,"$1,750.00",
ECOV25560180010,LLANTA 255-60-18 ECOVISION VI-386HP 112V,2,"$1,850.00",
ECOV26565180012,LLANTA 265-65-18 ECOVISION VI-686AT 114T,16,"$2,360.00",
GOOD26565180026,LLANTA 265-65-18 GOODYEAR WRL TERRITORY AT 114T,12,"$4,100.00",
KUMH26570180012,LLANTA 265-70-18 KUMHO AT52,30,"$3,900.00",
ECOV27565180013,LLANTA 275-65-18 ECOVISION VI-686AT 116T,8,"$2,480.00",
GOOD27565180010,LLANTA 275-65-18 GOODYEAR WRANGLER DURATRAC 123/120Q,6,"$3,900.00",
GOOD27565180013,LLANTA 275-65-18 GOODYEAR WRL TERRITORY MT 113Q LT,11,"$4,050.00",
JKBL27565180013,LLANTA 275-65-18 JK BLAZZE X-AT 123/120S 10PR,7,"$2,900.00",
DURA33125180026,LLANTA 33X12.50-18 DURATURN TRAVIA MT 118Q LT,8,"$2,900.00",
NERE33125180010,LLANTA 33X12.50-18 NEREUS NS523 MT 118Q 10C,1,"$3,160.00",
KUMH35125180013,LLANTA 35X12.50-18 KUMHO AT52,22,"$4,200.00",
NERE351250180091,LLANTA 35X12.50-18 NEREUS NS523 LT M/T 123Q TL,1,"$3,300.00",
OVAT21535190011,LLANTA 215-35-19 OVATION VI-388 85W XL,7,"$1,380.00",
HIFL22535190010,LLANTA 225-35-19 HIFLY HF805 88W,4,"$1,400.00",
OVAT225351940,LLANTA 225-35-19 OVATION VI-388 88W XL,9,"$1,400.00",
OVAT22540190001,LLANTA 225-40-19 OVATION VI-388 93W,1,"$1,350.00",
ECOV22545190010,LLANTA 225-45-19 ECOVISION VI-386HP 96W XL,17,"$1,510.00",
MAXT22545190026,LLANTA 225-45-19 MAXTREK M1 96W,11,"$1,350.00",
ECOV22555190001,LLANTA 225-55-19 ECOVISION VI-386 HP 99V,16,"$1,650.00",
GOOD22555190010,LLANTA 225-55-19 GOODYEAR ASSURANCE MAXLIFE VSB 99V,5,"$3,100.00",
JKTY22555190026,LLANTA 225-55-19 JK ELANZO TOURING 99H,3,"$1,550.00",
KUMH22555190014,LLANTA 225-55-19 KUMHO HP71,40,"$2,570.00",
CONT22570195012,LLANTA 225-70-19.5 CONTINENTAL HSR 5 DIRECCION128/126N 14CP,9,"$6,350.00",
DOUB22570195010,LLANTA 225-70-19.5 DOUBLESTAR DSRS01 16C 128/126M,1,"$1,940.00",
EUDE2257019502297,LLANTA 225-70-19.5 EUDEMON UA130,27,"$2,860.00",
GOOD225701950001,LLANTA 225-70-19.5 GOODRIDE CR960A 14PR,60,"$2,100.00",
HIFL225701950027,LLANTA 225-70-19.5 HIFLY HH111 14PR 128/126,33,"$1,760.00",
JKTR22570195003,LLANTA 225-70-19.5 JK JDL3+ 14PR TL TRACC,1,"$3,570.00",
JKTR22570195004,LLANTA 225-70-19.5 JK JUL4 14PR TL,3,"$3,460.00",
PIRE22570195013,LLANTA 225-70-19.5 PIRELLI R02PFS TL 128/126N,10,"$5,260.00",
GOOD23535190026,LLANTA 235-35-19 GOODYEAR EAGLE F1 SUPERSPORT 91Y,10,"$4,050.00",
235-35-19OVA,LLANTA 235-35-19 OVATION VI-388 91W,10,"$1,500.00",
HIFL23540190010,LLANTA 235-40-19 HIFLY HF805 96W XL,11,"$1,360.00",
OVAT23540190010,LLANTA 235-40-19 OVATION VI-388 96W,14,"$1,500.00",
235-45-19ECO,LLANTA 235-45-19 ECOVISION VI-386HP 99W XL,11,"$1,550.00",
GOOD23555190012,LLANTA 235-55-19 GOODYEAR EFFICIENT GRIP SUV 105V,3,"$3,350.00",
HIFL24535190010,LLANTA 245-35-19 HIFLY HF805 93W,12,"$1,520.00",
OVAT24535190020,LLANTA 245-35-19 OVATION VI-388 93W,1,"$1,700.00",
OVAT24540190010,LLANTA 245-40-19 OVATION VI-388,11,"$1,530.00",
OVAT24545190010,LLANTA 245-45-19 OVATION VI-388 102W XL,9,"$1,580.00",
ECOV24555190010,LLANTA 245-55-19 ECOVISION VI-386HP 103V,31,"$1,820.00",
GOOD24555190026,LLANTA 245-55-19 GOODYEAR EFFICIENTGRIP PERFORMANCE SUV,15,"$3,200.00",
EUDE24570195028,LLANTA 245-70-19.5 EUDEMON UA130,20,"$2,500.00",
EUDE24570195013,LLANTA 245-70-19.5 EUDEMON UF195 LINEAL,20,"$3,160.00",
HIFL245701950002,LLANTA 245-70-19.5 HIFLY TIRES HH111 LINEAL 16PR 135/133M,11,"$1,900.00",
JKTY24570195012,LLANTA 245-70-19.5 JK JETSTEEL JDL3 TRACCION 16PR,8,"$3,500.00",
JKTR24570195004,LLANTA 245-70-19.5 JK JUL4 LINEAL 16PR TL,13,"$3,600.00",
PIRE245701950002,LLANTA 245-70-19.5 PIRELLI FR01 136/134MM+S,1,"$5,700.00",
PIRE24570195011,LLANTA 245-70-19.5 PIRELLI R02PFS TL 136/134M,8,"$5,350.00",
SAILU245701950002,LLANTA 245-70-19.5 SAILUN 637 14PR,15,"$2,450.00",
OVAT25540190010,LLANTA 255-40-19 OVATION VI-388 100W XL,6,"$1,650.00",
ECOV25550190013,LLANTA 255-50-19 ECOVISION VI-386HP 107V,10,"$1,820.00",
ECOV25555190010,LLANTA 255-55-19 ECOVISION VI-386HP 111V XL,15,"$1,900.00",
OVAT27535190026,LLANTA 275-35-19 OVATION VI-388 100W XL,4,"$1,920.00",
1100-20TOR,LLANTA 1100-20 TORNEL T2400 14C,1,"$5,250.00",
OVAT22535200050,LLANTA 225-35-20 OVATION VI-388 90W,6,"$1,580.00",
WIND22535200010,LLANTA 225-35-20 WINDA WH19 90W,5,"$1,450.00",
KUMH23555200013,LLANTA 235-55-20 KUMHO HP71,2,"$2,700.00",
ECOV24545200010,LLANTA 245-45-20 ECOVISION VI-386 HP 99Y,17,"$1,700.00",
GOOD24545200012,LLANTA 245-45-20 GOODYEAR EAGLE RSA,9,"$3,350.00",
GOOD24545200026,LLANTA 245-45-20 GOODYEAR EAGLE TOURING 99V,2,"$3,960.00",
GOOD24550200015,LLANTA 245-50-20 GOODYEAR EAGLE RSA 102H,3,"$2,750.00",
GOOD25545200026,LLANTA 255-45-20 GOODYEAR EAGLE SPORT A/S 101W,3,"$2,800.00",
ECOV25550200010,LLANTA 255-50-20 ECOVISION VI-386 HP 109V,7,"$1,880.00",
GOOD25555200015,LLANTA 255-55-20 GOODYEAR ASSURANCE MAXLIFE 107H,4,"$3,400.00",
ECOV2655020008,LLANTA 265-50-20 ECOVISION VI-386 HP 111V XL,10,"$2,000.00",
265-50-20GOOD,LLANTA 265-50-20 GOODYEAR FORTERA 107T,2,"$3,450.00",
KUMH26550200013,LLANTA 265-50-20 KUMHO HP71,5,"$3,050.00",
ECOV27540200010,LLANTA 275-40-20 ECOVISION VI-386HP 106W XL,12,"$1,920.00",
ECOV27545200080,LLANTA 275-45-20 ECOVISION VI-386 HP 110V,8,"$2,000.00",
KUMH27545200012,LLANTA 275-45-20 KUMHO HP71,25,"$3,650.00",
ECOV27555200070,LLANTA 275-55-20 ECOVISION VI-386HP 117V XL,19,"$2,280.00",
ECOV27555200013,LLANTA 275-55-20 ECOVISION VI-686 113H,10,"$3,150.00",
GOOD27555200010,LLANTA 275-55-20 GOODYEAR EAGLE LS2,6,"$3,400.00",
JKTY27555200026,LLANTA 275-55-20 JK ELANZO TOURING 113H,8,"$2,300.00",
WIND27555200010,LLANTA 275-55-20 WINDA 117V XL WV11,9,"$2,080.00",
GOOD27560200010,LLANTA 275-60-20 GOODYEAR WRANGLER SRA,7,"$3,150.00",
JKTY27560200026,LLANTA 275-60-20 JK ELANZO TOURING 115H,7,"$2,200.00",
GOOD30555200010,LLANTA 305-55-20 GOODYEAR WRL DURATRAC 121/118Q,4,"$4,700.00",
ECOV3300125020001,LLANTA 33X12.50-20 ECOVISION VI-186MT LT 114Q 10PR,15,"$3,360.00",
33X12.50-20HAI,LLANTA 33X12.50-20 HAIDA HD878 LT-10 114Q MT,46,"$2,600.00",
KUMH33125200015,LLANTA 33X12.50-20 KUMHO AT52,12,"$4,580.00",
NERE331250200089,LLANTA 33X12.50-20 NEREUS NS523 114Q 10PR MT LT,1,"$3,150.00",
ECOV3500125003,LLANTA 35X12.50-20 ECOVISION VI-186 MT 121Q 10PR LT,20,"$3,800.00",
NERE351250200093,LLANTA 35X12.50-20 NEREUS NS523 121Q 10PR MT LT,6,"$3,250.00",
WANL24535210015,LLANTA 245-35-21 WANLI SU025 96W XL,5,"$2,150.00",
OVAT29535210001,LLANTA 295-35-21 OVATION VI-388 107W,3,"$2,400.00",
1100-22TORN,LLANTA 1100-22 TORNEL T2400 14C,15,"$5,600.00",
1100-2216C,LLANTA 1100-22 TORNEL T2400 16C,3,"$5,850.00",
EUDE25570225012,LLANTA 255-70-22.5 EUDEMON UT129,28,"$3,650.00",
GOOD25570222209,LLANTA 255-70-22.5 GOODRIDE CR976A,20,"$3,150.00",
HIFL25570225010,LLANTA 255-70-22.5 HIFLY TIRES HH111 LINEAL 16PR 140/137 L,7,"$2,500.00",
SAIL255702250637,LLANTA 255-70-22.5 SAILUN S637 LINEAL 16PR,8,"$3,150.00",
255-70-22.5JET,LLANTA 255-70-22.5 TORNEL JK JETWAY JTH1,8,"$4,600.00",
GOOD27540220013,LLANTA 275-40-22 GOODYEAR EAGLE TOURING 107W,1,"$3,950.00",
GOOD27550220026,LLANTA 275-50-22 GOODYEAR WRL STEADFAST HT 115H,4,"$3,350.00",
SAIL27570225026,LLANTA 275-70-22.5 SAILUN S637 18PR 148/145M,3,"$3,600.00",
EUDE27580220012,LLANTA 275-80-22.5 EUDEMON UD188,12,"$4,250.00",
EUDE27580221100,LLANTA 275-80-22.5 EUDEMON UF195,10,"$4,600.00",
PIRE27580225023,LLANTA 275-80-22.5 PIRELLI R02PYS TL 149/146M,1,"$9,000.00",
ECOV30540220010,LLANTA 305-40-22 ECOVISION VI-386 HP 114W,11,"$2,400.00",
MAZZ33125220026,LLANTA 33X12.50-22 MAZZINI RUGGER CONTENDER 109Q LT,38,"$2,750.00",
33X12.50-22SUN,LLANTA 33X12.50-22 SUNNY SN105 109Q MT,7,"$3,750.00",
NERE351250220094,LLANTA 35X12.50-22 NEREUS MT NS523 117Q,2,"$3,100.00",
CONT11000225011,LLANTA 11-R 22.5 CONTINENTAL HDL 2,2,"$8,600.00",
EUDE11000225013,LLANTA 11-R 22.5 EUDEMON MIXTA UA922 16PR,8,"$4,550.00",
EUDE11000225016,LLANTA 11-R 22.5 EUDEMON TRACCION UD197 16PR,28,"$4,950.00",
EUDE11000225028,LLANTA 11-R 22.5 EUDEMON UF195 LINEAL 18PR,13,"$4,700.00",
11-R22.5GRD,LLANTA 11-R 22.5 GENERAL RD 146/143 L 16C,8,"$7,300.00",
GOLD11000225028,LLANTA 11-R 22.5 GOLDEN CROWN AD185 TRACCION 18PR 149/146L,68,"$3,450.00",
GOLD11000225026,LLANTA 11-R 22.5 GOLDEN CROWN AS180 LINEAL 149/146L 18PR,94,"$3,350.00",
GOLD11002250001,LLANTA 11-R 22.5 GOLDEN CROWN LINEAL 16PR AS180,35,"$3,050.00",
GOLD11002250002,LLANTA 11-R 22.5 GOLDEN CROWN TRACCION 16PR AD185,1,"$3,200.00",
GOSH11000225013,LLANTA 11-R 22.5 GOLDSHIELD HD609 LINEAL 146/143M TL 16PR,29,"$2,800.00",
GOSH11000225012,LLANTA 11-R 22.5 GOLDSHIELD HD909 TRACCION CLOSED SHOULDER 146/143K 16PR,10,"$3,300.00",
GOOD1100225004,LLANTA 11-R 22.5 GOODRIDE CB972 MINERA,21,"$4,300.00",
GOOD1100225005,LLANTA 11-R 22.5 GOODRIDE CM983 16PR TRACCION,97,"$3,650.00",
GOOD11002250003,LLANTA 11-R 22.5 GOODRIDE CR926 16PR MIXTA,10,"$3,500.00",
GOOD11002250001,LLANTA 11-R 22.5 GOODRIDE CR989 16PR LINEAL,44,"$3,450.00",
GUTE11000225026,LLANTA 11-R 22.5 GUTE ROAD GRD200 TRACCION 149/146L 18C,6,"$3,000.00",
HIFL11000225010,LLANTA 11-R 22.5 HIFLY HH111 18PR LINEAL,17,"$2,600.00",
HIFL11000225030,LLANTA 11-R 22.5 HIFLY HH301 18PR 149/146L MIXTA,56,"$3,000.00",
HIFL11000225020,LLANTA 11-R 22.5 HIFLY HH312 146/143L 18PR TRACCION,1,"$2,900.00",
HIFL11000225040,LLANTA 11-R 22.5 HIFLY TIRES HH317 MINERA 148/145C 16PR,16,"$3,150.00",
NERE110002250026,LLANTA 11-R 22.5 NEREUS NDL708 TRACCION 146/143L 16PR,6,"$3,400.00",
NERE11000225024,LLANTA 11-R 22.5 NEREUS NSL706 LINEAL 146/143M 16PR,12,"$3,250.00",
PIRE11002450010,LLANTA 11-R 22.5 PIRELLI R89 ECOIMPACT LINEAL 146/143 L 16C,16,"$8,600.00",
PIRE110002250010,LLANTA 11-R 22.5 PIRELLI R89CSD TRACCION 146/143L M+S,16,"$9,100.00",
PIRE110002250012,LLANTA 11-R 22.5 PIRELLI TG85 MINERA 148/145K,8,"$7,550.00",
11-R 22.5PIR,LLANTA 11-R 22.5 PIRELLI T-H89 LINEAL ARRASTRE 144/142MFRT M+S(*),8,"$8,200.00",
TORN110002250010,LLANTA 11-R 22.5 TORNEL JETSTEEL JDC JK 16C TL MINERA,8,"$5,850.00",
11-R 22.5TO,LLANTA 11-R 22.5 TORNEL JETWAY JUX 16C TL URBANA,1,"$4,850.00",
TRUE110002250011,LLANTA 11-R 22.5 TRUEFAST TD528 TRACCION 18PR,100,"$3,300.00",
TRUE110002250010,LLANTA 11-R 22.5 TRUEFAST TF128 LINEAL 18PR,100,"$2,960.00",
TURP11002250010,LLANTA 11-R 22.5 TURNPIKE D691+ 16C 146/143L TRACCION,3,"$3,200.00",
EUDE29575225013,LLANTA 295-75-22.5 EUDEMON DIRECCION UF195 16PR,24,"$4,500.00",
EUDE295752250012,LLANTA 295-75-22.5 EUDEMON TRACCION UD197 16PR,40,"$4,850.00",
GOOD29575225025,LLANTA 295-75-22.5 GOODRIDE CM983 TRACCION 144/141L 14PR TL,26,"$3,650.00",
GOOD29575225013,LLANTA 295-75-22.5 GOODRIDE CR989 LINEAL 144/141L TL 14CP,30,"$3,500.00",
HIFL29575225010,LLANTA 295-75-22.5 HIFLY LINEAL HH111 16PR,11,"$2,900.00",
HIFL29575225020,LLANTA 295-75-22.5 HIFLY TRACCION HH312 16PR,58,"$3,200.00",
EUDE29580225014,LLANTA 295-80-22.5 EUDEMON DIRECCION UF195 18CP,8,"$4,950.00",
PIRE29580225026,LLANTA 295-80-22.5 PIRELLI R02PYS 154/149M TL,4,"$9,050.00",
EUDE31580225013,LLANTA 315-80-22.5 EUDEMON UF195 DIRECCION 20PR,8,"$5,300.00",
PIRE31580225014,LLANTA 315-80-22.5 PIRELLI R89 158/156M TL,2,"$9,250.00",
TRIA31580225010,LLANTA 315-80-22.5 TRIANGLE TR 668 MIXTA 20PR,38,"$4,900.00",
385-65-22.5SA,LLANTA 385-65-22.5 SAILUN S825,3,"$6,000.00",
SAIL42565225010,LLANTA 425-65-22.5 SAILUN S825 20 165K,10,"$7,000.00",
GOOD1240024010,LLANTA 12.4-24 GOODYEAR SUPREME TFC 10 R-1 TL,4,"$6,750.00",
TORN12400240010,LLANTA 12.4-24 JK FIELD KING R1 8C S/C,2,"$4,200.00",
TITA12400240010,LLANTA 12.4-24 TITAN HI-TRAC LUG R1 8PR,4,"$5,050.00",
SOLI12400240010,LLANTA 12-4-24 SOLIDWAY 12PR TT R1 (TIRE ONLY),4,"$3,100.00",
GOOD1360024010,LLANTA 13.6-24 GOODYEAR DYNA TORQUE II 8 R-1 TL,2,"$8,900.00",
SOLI13000240010,LLANTA 13-00-24 SOLIDWAY G2/L2 TL (16),2,"$5,860.00",
14-00-24GMX,LLANTA 14-00-24 GMX 16PR L2/G2 TL,3,"$7,000.00",
14-00-24JK,LLANTA 14-00-24 JKTYRE 16PR EG-04,8,"$7,700.00",
SOLI14000240010,LLANTA 14-00-24 SOLIDWAY ST518 TL 16PR G2/L2,10,"$7,100.00",
TITA14000240015,LLANTA 14-00-24 TITAN TRT 12PR TL,2,"$12,100.00",
GMXX14900240010,LLANTA 14-9-24 GMX 10PR R-1 TT,1,"$4,200.00",
16-9-24GOOD,LLANTA 16-9-24 GOODYEAR INDUSTRIAL SURE GRIP 8 R-4 TT,2,"$14,650.00",
JKTY16009240026,LLANTA 16-9-24 JK VBH PLUS TL 12PR S/C,4,"$8,600.00",
GOOD19500240001,LLANTA 19.5-L 24 GOODYEAR IT525 12 R-4 TL,10,"$14,600.00",
JKTR19500240012,LLANTA 19.5-L 24 JK VBH PLUS II 12PR TL,1,"$9,450.00",
TORN195L240002,LLANTA 19.5-L 24 JKTYRE INDUSTRIAL KING 12CP S/C,11,"$8,800.00",
ROCK195L240002,LLANTA 19.5-L 24 ROCKBUSTER H658 12C R-4,3,"$9,800.00",
SOLI19500240010,LLANTA 19.5-L 24 SOLIDWAY 12PR TL R4 ST517 SEVERER,5,"$7,700.00",
SOLI19500240030,LLANTA 19.5-L 24 SOLIDWAY 14PR TL R4 ST515,9,"$7,800.00",
CERE11000245010,LLANTA 11-R 24.5 CEREX CX22 TRACCION 18C 149/146M,15,"$3,500.00",
CONT110002450010,LLANTA 11-R 24.5 CONTINENTAL HDL 2 16C,80,"$9,200.00",
CONTI11002450079,LLANTA 11-R 24.5 CONTINENTAL HSR2 16C,16,"$8,800.00",
DURA110002450010,LLANTA 11-R 24.5 DURATION FM-81 MINERA 146/143J,13,"$3,600.00",
EUDE11000245015,LLANTA 11-R 24.5 EUDEMON MIXTA UA922 16PR,28,"$4,900.00",
EUDE11000245012,LLANTA 11-R 24.5 EUDEMON TRACCION UD197 16CP,37,"$5,200.00",
11-R 24.5GEN,LLANTA 11-R 24.5 GENERAL HD2 TRACCION 16C 149/146 L,1,"$7,500.00",
GOLD11000245028,LLANTA 11-R 24.5 GOLDEN CROWN AD185 TRACCION 152/149L 18PR,30,"$3,800.00",
GOLD11000245026,LLANTA 11-R 24.5 GOLDEN CROWN AS180 LINEAL 152/149L 18PR,22,"$3,650.00",
GOLD11002450003,LLANTA 11-R 24.5 GOLDEN CROWN LINEAL 16PR AS180,39,"$3,300.00",
GOLD11002450001,LLANTA 11-R 24.5 GOLDEN CROWN TRACCION 16PR AD185,39,"$3,500.00",
GOSH11000245012,LLANTA 11-R 24.5 GOLDSHIELD HD909 TRACCION CLOSED SHOULDER  149/146K TL 16PR,6,"$3,350.00",
GOOD11002450002,LLANTA 11-R 24.5 GOODRIDE CB972  MINERA,55,"$4,700.00",
GOOD11002450001,LLANTA 11-R 24.5 GOODRIDE CM983 16PR TRACCION,80,"$3,950.00",
GOOD1100245004,LLANTA 11-R 24.5 GOODRIDE CR926D 16PR MIXTA,14,"$3,900.00",
GOOD1100245002,LLANTA 11-R 24.5 GOODRIDE CR989 16PR LINEAL,92,"$3,750.00",
HIFL11000245020,LLANTA 11-R 24.5 HIFLY HH312 149/146L 18PR TRACCION,15,"$3,160.00",
HIFL11000245012,LLANTA 11-R 24.5 HIFLY HH826 MINERA 149/146K 18PR,32,"$3,850.00",
HIFL11000245030,LLANTA 11-R 24.5 HIFLY TIRES MIXTA HH301 149/146 L,17,"$3,100.00",
NERE110002450024,LLANTA 11-R 24.5 NEREUS NDL708 TRACCION 149/146L 16PR,4,"$3,650.00",
NERE110002450025,LLANTA 11-R 24.5 NEREUS NSL706 LINEAL 149/146M 16PR,6,"$3,450.00",
PIRE110002450011,LLANTA 11-R 24.5 PIRELLI FR85 LINEAL,5,"$9,100.00",
11-R24.5PIREL,LLANTA 11-R 24.5 PIRELLI LINEAL T-H89   ARRASTRE 149/146MFRT M+S TL,3,"$8,900.00",
PIRE11002450060,LLANTA 11-R 24.5 PIRELLI R89 LINEAL 149/146L 16 TL,31,"$9,750.00",
PIRE11002450040,LLANTA 11-R 24.5 PIRELLI R89CSD TRACCION LARGA DISTANCIA 149/146TL 16M+S,13,"$10,000.00",
ROAD11000245012,LLANTA 11-R 24.5 ROADTRACK PC-01 MIXTA 149/146M 16PR,20,"$3,500.00",
ROAD11000245010,LLANTA 11-R 24.5 ROADTRACK PC-26 MINERA 149/146J,14,"$3,850.00",
ROYA11000245010,LLANTA 11-R 24.5 ROYALBLACK DIRECCION RS201 149/146M,49,"$3,250.00",
TORN110002450011,LLANTA 11-R 24.5 TORNEL JETSTEEL JDH JK TRACCION REGIONAL 16PR,26,"$5,860.00",
TORN110002450012,LLANTA 11-R 24.5 TORNEL JETSTEEL JDL2 JK TRACCION 16C LARGA DISTANCIA,18,"$6,200.00",
TRUE11002450011,LLANTA 11-R 24.5 TRUEFAST TD528 TRACCION 18PR,94,"$3,500.00",
TRUE110002450010,LLANTA 11-R 24.5 TRUEFAST TF128 LINEAL 18PR,100,"$3,300.00",
EUDE28575245014,LLANTA 285-75-24.5 EUDEMON UD131,26,"$4,950.00",
EUDE28575245012,LLANTA 285-75-24.5 EUDEMON UT129 LINEAL,24,"$4,600.00",
HIFL28575245010,LLANTA 285-75-24.5 HIFLY HH111 LINEAL 147/144L 16PR,8,"$3,150.00",
HIFL28575245020,LLANTA 285-75-24.5 HIFLY HH312 TRACCION 147/144L 16PR,44,"$3,350.00",
SAIL285752450005,LLANTA 285-75-24.5 SAILUN 16PR LINEAL S605 EFT,4,"$3,600.00",
SAIL285752450004,LLANTA 285-75-24.5 SAILUN S768 14PR TRACCION,12,"$3,800.00",
CONTI30575245013,LLANTA 305-75-24.5 CONTINENTAL HSU LINEAL,9,"$9,500.00",
PIRE30575245010,LLANTA 305-75-24.5 PIRELLI FH75  LINEAL TL 154/149M(*),3,"$9,700.00",
PIRE30575245011,LLANTA 305-75-24.5 PIRELLI TH75 TRACCION TL 154/149LM+S(*),10,"$10,800.00",
SOLI17500250010,LLANTA 17.5-25 SOLIDWAY E3/L3 ST312 16PR,1,"$9,500.00",
JKTY17500250025,LLANTA 17.5-25 TORNEL INDUSTRIAL PLUS 20C TL,2,"$13,250.00",
PIRE14900240012,LLANTA 14-9-24 PIRELLI TM95 8R-1 TL S/C,2,"$8,000.00",
14-9-28GOOD,LLANTA 14-9-28 GOODYEAR DYNA TORQUE II 6 R-1 TT,2,"$9,200.00",
GOOD14900280010,LLANTA 14-9-28 GOODYEAR SUPREME TFC 8 R-1 TT,2,"$9,950.00",
14-9-28TOR,LLANTA 14-9-28 JK TRAS FIELD KING R1 12PR,4,"$8,000.00",
16-9-30GDT,LLANTA 16-9-30 GOODYEAR DYNA TORQUE II12 R-1 TL,1,"$14,600.00",
GOOD18400300010,LLANTA 18-4-30 GOODYEAR SUPREME TFC 8 R-1,4,"$14,350.00",
18-4-30TOR T,LLANTA 18-4-30 JK TIRE TRAS FIELD KINGX JK R1 8 CAPAS C/C,6,"$9,700.00",
JKTY18004300010,LLANTA 18-4-30 JK TYRE FIELD KING R1 C/C 12C,4,"$8,600.00",
18-4-30ROC,LLANTA 18-4-30 ROCKBUSTER H657-6 R-1 12C,2,"$8,500.00",
SOLID184340018,LLANTA 18-4-30 SOLIDWAY (TIRE ONLY) 12PR R1-2 TT,2,"$6,850.00",
SOLID18400300012,LLANTA 18-4-30 SOLIDWAY 12PR R1W  BARRA 1/2,2,"$9,900.00",
GOOD18400340010,LLANTA 18-4-34 GOODYEAR SUPREME TFC 10 R-1 TT,3,"$16,400.00",
18-4-34TOR,LLANTA 18-4-34 JK FIELD KING 8CP S/C,4,"$10,000.00",
JKTO18400340010,LLANTA 18-4-34 JK FIELD KING X R1 12PR C/C,2,"$10,700.00",
18-4-34JK,LLANTA 18-4-34 JK FIELD KING XR1 8C C/C,4,"$10,200.00",
18-4-34ROC,LLANTA 18-4-34 ROCKBUSTER H657-6 R-1 12C,1,"$9,200.00",
SOLID184340011,LLANTA 18-4-34 SOLIDWAY 12PR R1W  BARRA 1/2,2,"$9,200.00",
15-5-38EPS,LLANTA 15-5-38 EPSILON R-1 TL 12PR,1,"$5,200.00",
GOOD15500380010,LLANTA 15-5-38 GOODYEAR DYNA TORQUE III 8 R-1 TT,1,"$11,600.00",
15-5-38KING,LLANTA 15-5-38 JK FIELD KING RI 10CP C/C,1,"$6,700.00",
FIEL15500380014,LLANTA 15-5-38 JK FIELD X R1  8C  S/C,4,"$7,300.00",
15-5-38TORN,LLANTA 15-5-38 TORNEL TRAS FIELD KING R1 8C,5,"$7,700.00",
18-4-38TOR,LLANTA 18-4-38 FIELD KING JK R1 (8),2,"$10,600.00",
GOOD18040380010,LLANTA 18-4-38 GOODYEAR SUPREME TFC A6 R-1 TT,2,"$17,600.00",
TITA18400380013,LLANTA 18-4-38 TITAN HI-TRAC LUG R1 8PR,2,"$16,400.00",